,Grabadora,Lugar,DiaGrabadora,Transformación,Permanencia,Longitud,ACIft,ADI,ACItf,BI,TE,ESM,NDSI,P,M,NP,MID,BNF,BNT,MD,FM,SF,RMS,CF,ADIm1,ADIm2,ADIm3,ADIm4,ADIm5,ADIm6,ADIm7,ADIm8,ADIm9,ADIm10,ADIm11
20170123,302143,Bolívar,20170123302143,Alta,Alta,75º9'42.71'' W,"0,881962198755385","1,37958537980212","0,686408536249901","0,373568767132005","0,780667110192611","-0,995663533743657","0,102276753677763","-0,442451947292613","0,138899511739008","-0,164821476793662","0,104948769094437","-0,514482725460157","-0,998146430287809","-0,192154112570185","-0,829137631822349","0,13987934872274","0,071232558037344","-0,546969115804483","0,087817249333564","-0,727843587790119","-0,582862180923235","-0,308798142723924","-0,926149852722492","-0,3310574502087","-0,08483386173507","-0,863395405059811","-1,82804248468208","-2,11751838944292","-2,40774710645655"
20170124,302143,Bolívar,20170124302143,Alta,Alta,75º9'42.71'' W,"1,02242344541564","1,61360991490528","1,37875426585608","0,689790500722663","0,740970925232941","-0,858666168317373","0,2724419033052","-0,274769793559529","0,139989844812478","-0,145245722654407","-0,130108244551376","-0,508200003366845","-0,998146430287809","0,012233666043682","-1,34066688187644","0,147465283052171","0,077301987501481","-0,54752964612904","-0,040984623156132","-0,678476764206677","-0,679741466997579","0,243078209729484","-0,736513768338131","-0,277028586728799","-0,368561051860229","-0,961068137690802","-1,9670729226275","-2,22673681758109","-2,74034243222775"
20170125,302143,Bolívar,20170125302143,Alta,Alta,75º9'42.71'' W,"1,11116104095815","1,28233317737695","1,50181287223534","0,635879208560468","0,750586921433434","-1,35990323841196","0,467130123147461","0,044668181775217","0,142089174246446","-0,047031681401484","-0,304516815284013","-0,515765805289713","-0,998146430287809","-0,051154195373617","-1,80351851690845","0,187222686662414","0,077418358384326","-0,549002683535536","0,175422308140229","-0,429356961230342","-0,596137143336776","0,282600544801214","-0,416819943193063","-0,122727689482027","-0,193826555969584","-0,80983496132532","-2,2470248342061","-2,72937819639927","-2,94824867233965"
20170126,302143,Bolívar,20170126302143,Alta,Alta,75º9'42.71'' W,"1,66804956507168","1,37101511856645","1,6270492115321","1,0265697634148","0,600144118586274","-1,69252968160614","0,609323299525549","0,37518739150137","0,159900512955838","0,208658362254707","-0,531328162727461","-0,496564989380486","-0,998146430287809","-0,174623094205782","-2,05513882405259","-0,214244705102379","0,123891483605041","-0,531358668080872","-0,253457431349779","-0,982034100714045","-1,06329051189121","0,153703171793902","-0,902966588745422","-0,663793521497971","-0,948217204148902","-1,58674484706351","-2,64599470847436","-2,92666713925731","-3,71750598591716"
20170127,302143,Bolívar,20170127302143,Alta,Alta,75º9'42.71'' W,"1,35759805586675","1,47356517662983","1,2911463575993","0,762732894091573","0,703073142191573","-1,25572078131366","0,266255540162315","0,170234059381297","0,14543241382847","0,152064733582582","-0,630770567793193","-0,488857824251939","-0,998146430287809","-0,10029008035988","-1,58746388008929","-0,16479327001665","0,083173483094115","-0,542039562779838","0,22550896280786","-0,857030584395817","-0,913719791200509","0,131136623035822","-0,725501868455503","-0,514248234913986","-0,349673185791665","-1,01266270973497","-2,14070295249473","-2,62322038916154","-3,30184024544239"
20170202,302143,Bolívar,20170202302143,Alta,Alta,75º9'42.71'' W,"0,905797350795175","0,861637064597255","1,78718472184199","0,447646639590094","0,695667319055679","-0,801246929916012","0,20891566845548","0,359858579271195","0,147578525992518","-0,160074516654497","-0,627550375402439","-0,46551977721403","-0,998146430287809","0,002367115508949","-2,40439293922132","0,006157681743478","0,082056868089269","-0,532456311859141","-0,580912604021313","-1,66550054821305","-1,13292020678127","-0,0251917462394","-0,426588205608396","-0,304547449738282","-0,23600848615855","-0,636993717009379","-1,88454968772727","-2,25255606067277","-2,7696773503994"
20170203,302143,Bolívar,20170203302143,Alta,Alta,75º9'42.71'' W,"1,20249026516662","1,04711924090633","1,58300150524321","0,583866088884987","0,678248187660023","-1,46312044860578","0,324410717919523","0,485709657074046","0,151495311154855","0,056348615392794","-0,490916306779327","-0,451822311398218","-0,998146430287809","0,001934987070262","-2,22300940052607","-0,144194340353529","0,085987965304672","-0,535769576305843","-0,616998622687559","-1,2728753559258","-1,09815294221714","0,252646405419214","-0,167641881086565","-0,06275190094736","-0,101028867269637","-0,908189262341786","-2,26168527593443","-2,88560146533237","-3,19347387768416"
20170204,302143,Bolívar,20170204302143,Alta,Alta,75º9'42.71'' W,"0,664333418472886","1,1558444289417","0,474020281836324","0,661937980843686","0,665447705000285","-1,89103616207049","0,642820754196226","0,180841327460215","0,144062975450016","0,061343577321452","-0,754964672109063","-0,496552076559128","-0,998146430287809","-0,098552105252","-2,11454674834998","-0,331839054283169","0,091286809599392","-0,533337504570028","-0,470976330286693","-1,31738444635155","-1,29822651504681","-0,082735869781065","-0,192406299199994","-0,351406427935007","-0,629702947436775","-1,56190825898269","-2,68268240357422","-2,90872584548128","-3,17173362770997"
20170205,302143,Bolívar,20170205302143,Alta,Alta,75º9'42.71'' W,"0,992874872661518","1,4304250798888","0,539384560811006","0,982857137477835","0,549246111717023","-2,27323178716505","0,889151953053548","0,074896766991499","0,158923787709548","0,224183249226965","-0,759764125325413","-0,474810246073639","-0,998146430287809","-0,339604070615255","-2,13492648350234","-0,590491368431444","0,140979797342022","-0,53077864459558","-0,619881312746251","-1,4897284032109","-1,12454628714742","0,152552371503268","-0,033078702767601","-0,201372831451669","-0,605858546531249","-1,19880119307705","-2,7834760897761","-3,42904539505031","-3,67325871058125"
20170206,302143,Bolívar,20170206302143,Alta,Alta,75º9'42.71'' W,"1,40978227531474","0,854388318835926","1,37272129951461","0,47949205854144","0,632554257549691","-2,04628702417139","0,608745157604121","0,274087749839936","0,150196918000416","0,053015218241906","-0,738834976513535","-0,470344206134413","-0,998146430287809","-0,446873525609974","-2,13629041456517","-0,539821982836212","0,097755729141761","-0,504803558731742","-0,670648535543006","-1,59325278268838","-1,82906691936598","-0,082484552862031","-0,213239198461535","-0,003668579447264","-0,194428542320307","-0,929000236598438","-2,71526381281476","-3,45979133327731","-3,41493515773087"
20170212,302143,Bolívar,20170212302143,Alta,Alta,75º9'42.71'' W,"0,407199432608831","0,60275317953883","0,653692277927078","-0,144635637456088","0,768832294320063","0,34386378469744","-0,11491459914568","0,066764052736318","0,1359243074046","-0,486725528544876","-0,655551420380905","-0,507205553227554","-0,998146430287809","0,359251135258767","-1,27651325015121","0,708902171434657","0,068718052014273","-0,554102356374196","-0,397392080899784","-1,03196115093882","-0,153897080940568","0,141923944215324","-0,098172920018356","0,027253498773093","0,300797822288542","0,373804825871323","-0,980503119052434","-0,964405955648686","-0,764643800073179"
20170215,302143,Bolívar,20170215302143,Alta,Alta,75º9'42.71'' W,"0,482933936730222","0,089025719437511","0,405244654409198","1,77648251570918","0,582732539914766","0,600874005807064","0,447733334448539","-0,190149550554155","0,189293250925295","0,769611232834118","0,388242605402233","-0,379069197705772","-0,998146430287809","0,196131337667225","-0,808508909834962","-0,320566231711382","0,122504966701449","-0,52541094851839","0,317874415457785","-0,046652437226574","0,112950832473136","0,618885701551075","-0,245073971169356","-0,325794612476144","0,159056918867771","0,67045445505947","-0,442717184594822","-0,640013585869359","-0,84687429164778"
20170216,302143,Bolívar,20170216302143,Alta,Alta,75º9'42.71'' W,"0,967778766031339","0,721609425333762","0,826369294067375","0,788969764025567","0,669386262866854","0,204866088023525","-0,093364500790394","-0,040793729072371","0,165460919591336","-0,137948190055413","0,417027816822225","-0,438802525486875","-0,998146430287809","0,251957358948101","-1,11441189967938","0,074232842985621","0,098527791038083","-0,555150943675159","-0,387068551381754","-1,19379612375132","-0,973299645697457","0,158243594039371","-0,246942093931657","-0,069376366047116","0,302392297287595","0,218392692521283","-1,08605069984137","-1,24067169298025","-1,70625192161379"
20170222,302143,Bolívar,20170222302143,Alta,Alta,75º9'42.71'' W,"0,344089766592898","0,72419612291969","1,08384772795881","0,397346039334492","0,725760607783935","-0,710576376912081","-0,362874651945327","0,137746824719146","0,147016055636199","-0,445537654519953","0,197883834605618","-0,471154974510043","-0,998146430287809","-0,259244018457755","-1,40075236023656","0,32027169574441","0,078267606747909","-0,53404405677169","-0,099193433721864","-0,993284958276148","-0,361666049909419","0,204833341979548","-0,837582408675824","-0,641987683824448","-0,254815941768744","-0,379259573606658","-1,06208539494981","-1,58194341476223","-1,78502362841519"
20170223,302143,Bolívar,20170223302143,Alta,Alta,75º9'42.71'' W,"-0,454468996926785","0,499916746215734","-0,004477688824665","-0,224323820738162","0,756357436336029","-0,524986872868563","-0,453334550963746","-0,404263808656707","0,138736066323772","-0,40220560125003","0,006407767933523","-0,493532136896972","-0,998146430287809","-0,240464218890872","-1,05943685969983","0,527096122285708","0,070684163939739","-0,542049074723998","-0,204276497907704","-1,11477768747027","-0,40611865197663","-0,11691960293927","-0,775569609758043","-0,753092722761664","-0,081520194813751","-0,047442151010587","-0,668618184020387","-1,06633419457527","-1,38299964335548"
20170203,302151,Bolívar,20170203302151,Baja,Alta,75º11'14.7''W,"1,05779500180738","-0,492716153616312","-1,64232740310058","1,00294299370801","-0,43140285940603","-0,163960702436468","0,445923225701614","3,15488204002583","-1,13302423633609","-0,061060494536568","-1,1859371536899","-0,483120635685769","-0,998146430287809","-0,225159212415928","0,021678524881198","-0,722702109525961","-1,01629005183626","-0,3648415777669","-0,635789131494702","-1,01581746617929","-0,900844424183275","-0,879235903030612","-0,849447079178341","-0,662643583615733","-0,552613026266179","-1,80799683024811","-1,09906174824077","-1,23884453381961","-0,674386427776776"
20170204,302151,Bolívar,20170204302151,Baja,Alta,75º11'14.7''W,"0,623629026471806","-0,09726231710409","-1,41049887542527","0,948497181891451","-0,211117261755445","-0,131167207961377","0,586929905517632","2,06181166330233","-1,17858001097723","-0,276865428508173","-1,10132307134407","-0,503267187502553","-0,998146430287809","-0,334808736486059","0,08719588762691","-0,729388838704706","-1,08966064332701","-0,447109490722791","-0,522612613116963","-0,920424062599761","-0,625851895738893","-0,804118376284232","-0,85441387829922","-0,801018257900065","-0,711676255891909","-1,71183517516868","-0,886450876765834","-0,94480506680568","-0,31270629222557"
20170205,302151,Bolívar,20170205302151,Baja,Alta,75º11'14.7''W,"1,16100246033105","-0,330228469199198","-0,626338924095354","0,798767338915093","-0,309539951850976","-0,476917312192306","0,593901022157899","1,93763494441838","-1,17746265390024","-0,14527095052511","-1,20045752249604","-0,507079241876537","-0,998146430287809","-0,423085906317632","0,202890956128978","-0,715497383603058","-1,06862690355577","-0,433408778078397","-0,637012483346564","-0,886205556470402","-0,600567383658194","-0,866692723187797","-0,938411848847331","-1,14777149161464","-0,832718353492381","-1,59553818950848","-1,08075272237523","-1,42067220944131","-0,713127729489428"
20170206,302151,Bolívar,20170206302151,Baja,Alta,75º11'14.7''W,"2,44501971024314","0,233933684120462","0,0934232504331","1,30798714487359","-0,456433372051252","-0,643705465550996","0,867999538201878","3,32553294106965","-1,10805824741415","-0,246155219020619","-1,19338087221963","-0,47409858854557","-0,998146430287809","-0,648004054944818","0,173966439917284","-0,958562114186246","-1,00686423248701","-0,313548858409922","-0,590029535820288","-1,28755661896946","-0,990524713676026","-1,11475929268657","-1,14681197365342","-1,05109481939419","-0,673800460139226","-1,84275156288176","-1,11650400174478","-1,34980916838694","-1,01102372691859"
20170212,302151,Bolívar,20170212302151,Baja,Alta,75º11'14.7''W,"1,20524898193572","-0,038260601122004","-0,25069036159236","0,279348105920454","-0,06043274853373","-0,59803383320206","0,357500222027072","-0,151738958496633","-1,19087764110916","-0,105195033569364","-0,795506017443226","-0,508635975441111","-0,998146430287809","0,603313967453037","-0,140138927742814","-0,370983826644158","-1,09479645114338","-0,43308578849663","-1,54389832277938","-2,75458052292887","-1,24670348040004","-0,971300758987908","-0,472069864377031","-0,012476196599417","0,167750693737466","-0,348151486375597","-0,931505047656615","-1,24850931041548","-0,853694620003538"
20170213,302151,Bolívar,20170213302151,Baja,Alta,75º11'14.7''W,"0,382637193935795","-0,272463331065384","0,588883268410832","1,30805059795214","0,003683237050448","-0,021581386699642","0,644711349241472","1,86966153864028","-1,11642048537115","0,031686980537565","-0,410909756508767","-0,490992866421903","-0,998146430287809","0,752279644685959","-1,10305603235557","-0,463951851991937","-1,0523604457672","-0,325525126049732","-1,10224423306625","-2,99460500256167","-2,03421528642861","-1,79652433373493","-1,04138777167523","-0,212968826535926","0,294011830782681","0,103498633890641","-0,09137593403388","-0,62422759263568","-0,321369263695481"
20170303,302151,Bolívar,20170303302151,Baja,Alta,75º11'14.7''W,"1,32469069987694","-0,12724736951892","0,392165338292762","0,696737385082333","-0,175931929704462","-1,28352409029381","0,280728477016074","1,76609781147928","-1,14808941467761","-0,037465285452662","-0,501898340950967","-0,470025997563787","-0,998146430287809","-0,403466384669962","-0,437510410695362","-0,746682550202308","-1,07595924761606","-0,466552497112286","-1,2903345904672","-3,49825560877688","-1,65840647906904","-0,478718335186211","-0,405491015782727","-0,294614211334431","-0,09744404881029","-0,581121551866011","-1,39041152519277","-1,80872538740531","-1,01326388336385"
20170306,302151,Bolívar,20170306302151,Baja,Alta,75º11'14.7''W,"2,32457622549725","-0,572598193961949","0,130505219635682","1,1917472715278","-0,328701708973977","-1,17084621422691","0,372577832070738","1,07563870153145","-1,137299174177","0,210057818326083","-0,62636588106358","-0,459602542021498","-0,998146430287809","-0,57833310783049","0,274701675036906","-0,956737184314284","-1,04386588062738","-0,460918827623863","-0,686627596379841","-3,27500661743828","-1,87041823247785","-0,545374805416703","-0,80709723330513","-0,163994197020599","0,32523613601522","-0,320800853952141","-0,885267589868582","-1,39343411033444","-1,12820957043676"
20170202,302298,Bolívar,20170202302298,Baja,Media,75º11'30.4''W,"-0,457284744977268","-0,618380666921828","-0,75462005892098","1,22164120758355","0,009834338849295","0,52299809329566","1,35679009167472","-0,104485293647425","-0,95029949979914","1,8715964007114","1,2251742617841","-0,209312049954029","-0,998146430287809","-1,66808047468987","0,470230410768887","-0,686715837251193","-0,919401809306262","-0,377068527988679","0,19806139782061","1,09053197637905","1,59191274145745","1,41977121240148","1,68526361413161","1,314935219726","1,42768166527933","1,68897127298058","1,43260250320109","1,11382633949969","0,896996783839428"
20170203,302298,Bolívar,20170203302298,Baja,Media,75º11'30.4''W,"-0,336679211539835","-0,579981648284568","-0,387524367813999","1,42327597142969","-0,051851650482758","0,090570362326216","1,35036472424006","0,211214498193967","-0,908138041024055","1,85001205162237","1,30515074210724","-0,208495915885381","-0,998146430287809","-1,66014902831519","-0,005060646657449","-0,691736983295562","-0,887650171904926","-0,331630269828435","-0,181597316238133","0,694974236551297","0,954330600237531","0,986775922454466","1,11330849260011","1,01698454949605","0,938275137378314","1,27032681857505","0,959053618218634","0,639909349542586","0,500945619785837"
20170204,302298,Bolívar,20170204302298,Baja,Media,75º11'30.4''W,"0,007880427340813","-0,13041849523259","-0,00656397887413","1,70461933507054","-0,1924265338336","-0,020221296719063","1,54677332370476","0,544159847133078","-0,903555323776549","1,84335088855103","0,579235535383333","-0,20686653970953","-0,998146430287809","-1,63802919455282","-0,639941015983122","-0,925289992192083","-0,868938977563627","-0,454197216114117","0,127182637720278","0,798898754932332","1,26224875793074","0,584137343135453","1,13626670833909","0,818111872424893","0,876253135652684","1,17246318968818","0,775172541796494","0,335496805427112","0,436208815231538"
20170205,302298,Bolívar,20170205302298,Baja,Media,75º11'30.4''W,"-0,085619145463743","-0,270297782811515","-0,175807851424245","0,965228046449437","-0,169965445466852","0,492321617478267","1,38178373062658","0,722255355911304","-0,89011109888849","1,89998849051661","0,960761221537562","-0,213769961110362","-0,998146430287809","-1,59564588605566","-0,41001211471532","-0,694573608958884","-0,849254833305072","-0,401267970585943","-0,113791961969756","0,69669969140574","1,33017559542569","0,551197689690558","1,25960119846661","1,05311555617","0,915666888686859","1,1958235589173","1,10706504983491","0,956343440337606","0,801506490413303"
20170206,302298,Bolívar,20170206302298,Baja,Media,75º11'30.4''W,"-0,254595052597577","-0,196254409320397","-0,06893185673413","1,10713202081304","-0,036114690247359","0,40588702175384","1,17990078367692","0,702744587757575","-0,916669542448596","1,50251929123721","1,02557546902209","-0,229660276444738","-0,998146430287809","-1,45305850357788","-0,572719732427532","-0,496760693723301","-0,898339942095385","-0,459949112744088","-0,12450125504162","0,389349156334962","1,01793985558424","1,06557391146444","1,10992824436337","0,875583774871196","0,875780095094536","1,33053202943971","1,08066785784874","0,878720140221779","0,408212499668346"
20170212,302298,Bolívar,20170212302298,Baja,Baja,75º11'5.7''W,"2,43193372989327","-1,30791220022481","0,846672842529109","0,73365091889307","-0,36743647696151","-0,01142314344572","0,255061818003171","1,04899223218775","-0,993104329755836","-0,026927009056488","-0,904507759709504","-0,458700883567631","-0,998146430287809","-0,968181623515216","-0,573009093737339","-0,825524585389189","-0,833701002649262","-0,340829983229577","-1,02587240270317","-1,34253663268322","-0,701073141821422","-0,621876260008355","-0,967564037456783","-0,233725884456834","-0,967355328276551","-0,234428497263406","-0,310807544569835","-0,235203541711752","-0,052425559611972"
20170213,302298,Bolívar,20170213302298,Baja,Baja,75º11'5.7''W,"2,16773546376638","-0,850822752916903","1,0596812243627","2,00750367406102","-0,046558273355133","0,240462187971281","0,626182837192608","2,53183623669942","-0,92309441435226","0,202997108423985","-0,144304268406406","-0,421865662511239","-0,998146430287809","-1,06405869151307","-1,01884196141827","-0,631920219775617","-0,878356201134061","-0,403150999367933","-0,369364400358837","-1,10042687081171","-1,13803878943983","-1,22912010157235","-0,819412106063182","-0,268659694874729","-1,42779286609385","0,03188196361602","0,16690497179167","0,107673082874847","-0,077166483876507"
20170214,302298,Bolívar,20170214302298,Baja,Baja,75º11'5.7''W,"2,61977072335356","-0,867379587036628","1,3726676168989","2,43254006297975","-0,167604919763162","0,368814399692417","0,787113489677926","1,99643985888848","-0,811067234311709","0,292275862519401","-0,274437232539374","-0,348919397550568","-0,998146430287809","-0,94452038891225","-1,52212338552315","-0,643793029360567","-0,793005886697571","-0,398346127330765","-0,574588136616942","-1,03596709041321","-0,893449326929718","-1,07142218373323","-0,866907134587463","-0,427565537072255","-0,842402780984171","-0,130375185954403","0,029580962487359","0,163447916537883","0,266178314502046"
20170215,302298,Bolívar,20170215302298,Baja,Baja,75º11'5.7''W,"2,31236828336722","-1,20818640712019","0,950260775273138","1,14527816581937","-0,345254003528435","0,100599973023061","0,511595645349174","0,810253688245739","-0,930828964714529","0,258152031982255","-0,320426383529321","-0,447856448478449","-0,998146430287809","-0,940509918591642","-0,893013284026973","-0,669785388497343","-0,811128113978914","-0,39794673838267","-0,711871046604579","-1,73372248521096","-1,36797487988499","-1,20041017147026","-1,31056245363162","-1,09971392119975","-0,97861023861765","-0,351656679002769","-0,361479618976026","-0,408172900553963","0,024080929452056"
20170216,302298,Bolívar,20170216302298,Baja,Baja,75º11'5.7''W,"3,14589845587726","-1,36472848002334","0,880513855940674","1,03891377354912","-0,783016380697904","0,187919978871435","0,390231654001671","0,714190510614073","-0,934343833762463","0,30535329780957","-0,402053912100037","-0,441346806637819","-0,998146430287809","-0,95597490467341","-0,475075952032218","-0,885951936945074","-0,711425353149155","-0,198870532134445","-1,00910129947476","-1,40892590540644","-1,18965623959852","-1,2887775955193","-0,844817361324972","-0,527876188977056","-0,371640778045792","0,015925781718254","-0,165041374749028","-0,339435970698728","-0,446035021178623"
20170222,302298,Bolívar,20170222302298,Baja,Baja,75º11'5.7''W,"1,06491469467593","-1,2121344323587","1,06636266526707","0,454368729680611","-0,545508812072129","0,154405848806168","0,365082166093324","0,341727091688724","-0,991416842484808","-0,128836557994841","-0,444066747932638","-0,484932916465038","-0,998146430287809","-0,592338085648806","-1,2184231729691","-0,765738152912499","-0,763141773788485","-0,179171516291307","-1,7280208114194","-1,2675332037884","-1,31216655311372","-1,3638993061747","-0,637526635762043","-1,02780176662193","-0,054326015558969","-0,15847347262037","-0,624076615319876","-0,587237452309365","-0,296155219133165"
20170223,302298,Bolívar,20170223302298,Baja,Baja,75º11'5.7''W,"1,424976689477","-0,799475023926437","0,843248168329024","0,562991242162482","-0,801856461239157","0,160173441898114","0,33999531939022","0,34283956113404","-0,995412100289401","-0,027595929870587","-0,428045610759125","-0,499782457789526","-0,998146430287809","-0,803595135890977","-1,05607097273793","-0,777759068081635","-0,634441702570396","-0,075123674818085","-1,88644715408553","-1,22838644326192","-1,37994298427792","-1,61296975981805","-1,0062976948364","-1,10980970009394","-0,650642854344576","-0,510263141361992","-0,708217417857553","-0,663199387605044","-0,438472235328787"
20170224,302298,Bolívar,20170224302298,Baja,Baja,75º11'5.7''W,"1,74677126793483","-1,32524726276858","0,83485561428337","0,359789930323049","-0,387678794012376","0,390069489108748","0,455897449652609","-0,105432850915238","-1,01463286089591","-0,215923003977741","-0,570711884485349","-0,505691025505196","-0,998146430287809","-0,73330493830373","-0,994328933731214","-0,640583743009292","-0,821300410858973","-0,310342291860333","-1,98124459231603","-1,15618699264884","-1,28793840804097","-1,16645439676304","-0,655523532046547","-1,00775693782821","-0,373377080160952","-0,092318666344878","-0,440427241014834","-0,437639846574459","-0,251829256586393"
20170226,302298,Bolívar,20170226302298,Baja,Baja,75º11'5.7''W,"3,29310147827268","-0,396339694123327","1,36209688149373","1,16792600730341","-0,019594633532291","0,005123480844088","0,881127167019891","0,988176756742162","-0,993167921349791","-0,30216702028299","-0,432918030855037","-0,460408265836572","-0,998146430287809","-1,04161052292421","-0,996890569803085","-0,520067521728701","-0,922971465656603","-0,482750299926934","-1,10187603038267","-0,932714037491406","-0,973339355935279","-1,20575353514434","-0,91525772377627","-0,669797590016805","-1,0509486011332","-1,00336495732995","-0,567307031557776","-0,506287440096745","-0,377202143930228"
20170303,302298,Bolívar,20170303302298,Baja,Baja,75º11'5.7''W,"1,57549340307272","-0,902484690457884","0,612955436360411","1,71266805204511","-0,308734927376304","-0,342660959884798","0,873582497199714","3,5307599997293","-0,96684551951664","-0,079374424465733","-0,738543948404388","-0,456530484367069","-0,998146430287809","-1,39689525692106","-0,676879342110104","-0,833460528199609","-0,865035971562467","-0,438131720194986","-1,12161543143115","-1,22279963807275","-1,6177927802599","-1,41332885342878","-1,48573422742065","-1,5994732511417","-1,24394479775185","-1,12646216582089","-1,65233464528162","-1,41460322387832","-1,03612877978979"
20160214,5067,Bolívar,201602145067,Media,Alta,"75º09'33.7""W","-0,280338373623732","-0,153801006494823","-0,64255106800876","0,041067731296707","0,273331595723942","0,574240659238465","-0,249039873233807","0,268656790542669","-1,231346412604","-0,780840901795467","-0,25118434582838","-0,504484976676304","-0,998146430287809","-0,679432214544409","0,618855011094272","0,228920250273516","-1,17206802909694","-0,516176392442271","-0,415498973960625","-0,528098324688737","-0,319651611158185","0,629820739321229","-0,400841935526057","-0,295586328463719","-0,298862914398222","0,279929195376186","0,281425610774886","0,26662975802325","0,546506038422319"
20160215,5067,Bolívar,201602155067,Media,Alta,"75º09'33.7""W","-0,316401977274793","-0,417427398132207","-0,481639457913832","0,104440700003378","0,164504656780384","0,506611964629352","0,118164141140487","0,403171759655049","-1,22114847655964","-0,589284277997841","-0,469483412154528","-0,51738151978401","-0,998146430287809","-0,659748545140833","0,467903488125044","0,245567936600382","-1,14193247184531","-0,380141492855288","-0,42668952664301","-0,46111721566758","-0,57926516065884","0,270686893164602","-0,704676330272596","-0,798898594554293","-0,428320731741819","-0,182561074723012","-0,119375762772185","-0,010168512541217","0,310122033957711"
20160216,5067,Bolívar,201602165067,Media,Alta,"75º09'33.7""W","-0,333508405877726","-0,496036068763408","-0,704868906933105","-0,212562878759408","-0,086565615176127","0,471575887841456","0,074472625437157","-0,23210413360658","-1,20856502650288","-0,568604869746961","-0,298149715593461","-0,50401733442228","-0,998146430287809","-0,785826988488863","0,847904027226281","0,172389151376705","-1,05457417843299","-0,300369023462893","-0,319405591426751","-0,424419719249827","-0,229383956349881","0,428865096723105","-0,490078705575077","-0,861169163705595","-0,835883856770854","-0,52241384057728","0,14662462919616","0,028499055763298","0,429784624789846"
20160217,5067,Bolívar,201602175067,Media,Alta,"75º09'33.7""W","-0,193306472328578","-1,35223716824354","-0,877832338216551","-0,357472801997581","-0,223339532193838","0,300228013972257","-0,239023228357649","-0,268397521230594","-1,19678782190438","-0,587692119046796","-0,641186584693882","-0,501555847370231","-0,998146430287809","-0,832161454297118","1,10331646206344","-0,1483932863085","-1,04219808684607","-0,380483292342161","-0,478328843397987","-0,293517850365531","0,077898712818739","0,589451356156085","-0,249145236123855","-0,273429518781491","-0,084926801273551","-0,343677819975266","0,118776450905386","0,012452516467178","0,271643513273532"
20160224,5067,Bolívar,201602245067,Media,Alta,"75º09'33.7""W","-0,755900496750031","-0,883818144195524","-0,709282218343075","-1,08595793737114","-0,299560281057312","0,400122651122319","-0,089437502855898","-0,661848066881281","-1,17880090548236","-0,591126445379216","-0,479949616840131","-0,507425649365801","-0,998146430287809","-0,829201846417809","0,667792362779232","0,444886607605802","-0,947607536776055","-0,235513836266791","-0,530661598921983","-0,442279673213325","-0,119926753039292","0,251050068809362","-0,190468050403159","-0,529680108671496","-0,986281561953943","-0,336021854112316","0,331741551691129","0,187828987417913","0,378941466493251"
20160225,5067,Bolívar,201602255067,Media,Alta,"75º09'33.7""W","-0,81122576187876","-1,8190706501205","-0,636946422113959","-1,08832951093075","-0,422067310331373","0,321445702115348","-0,50364619422928","-0,320164263063318","-1,18673677576724","-0,580126580534662","-0,528050629985224","-0,496291781744229","-0,998146430287809","-0,89681596520842","0,553389035701288","-0,315204888677819","-1,00533865554306","-0,273078245490315","-0,781800568238437","-0,344946589488357","-0,081128946987126","0,689557904808722","-0,11757962018192","-0,453053242535737","-0,081728176483586","-0,318629317284214","0,019810484889621","0,175715325584765","0,403158154181131"
20160226,5067,Bolívar,201602265067,Media,Alta,"75º09'33.7""W","-0,888806931424631","-0,092445936575667","-0,542790800384785","-1,05055362955903","0,664706594422423","1,11873507549658","-0,069432946385218","-0,626888423820701","-1,26022328678666","-0,726698451102254","0,163988738286227","-0,569967571344443","-0,998146430287809","-0,447521992734768","0,223916085253488","1,42459373665162","-1,21384893297745","-0,339747346317157","-0,238721743576974","-0,501042183207798","-0,12816883848518","0,606900393533503","0,248181286327929","-0,068352202336452","-0,653451987613161","0,300338616327461","0,791428849278472","0,8097702943355","1,06577868994647"
20160227,5067,Bolívar,201602275067,Media,Alta,"75º09'33.7""W","-1,0002353080096","-1,35640708251615","-1,15548446304179","-1,73268826045975","0,118249344714648","1,245545521508","-1,57611339940329","-0,276512389218124","-1,22511985267097","-0,737683875880587","-0,487790493901161","-0,53025092811734","-0,998146430287809","-0,445307765055331","1,35565641423816","0,501026641347151","-1,08022485590441","0,620845540855585","-1,63018426813164","0,189721361926837","1,01660057096392","1,68433414758352","1,56196637183368","1,07546850407784","1,07596494475785","1,29767693944537","0,998066968838105","0,832450894652438","0,730906851620453"
20160305,5067,Bolívar,201603055067,Media,Alta,"75º09'33.7""W","-0,272811752932704","-0,128782002430112","-0,454971905298229","0,079107265328987","0,05285365214854","0,339369043669354","-0,070369940420243","0,473433845679825","-1,2129759379315","-0,468940774304478","-0,202259930532907","-0,497471745836567","-0,998146430287809","-0,830911930749453","0,458166469836423","0,260455370596373","-1,11287447545686","-0,374308454402838","-0,414435146788451","-0,962172443215682","-0,612117153390783","0,329252037399678","-0,694503537032965","-0,935395539272759","-0,248126257866028","-0,474603064788243","0,054106829318278","0,006944341952831","0,097747384589032"
20160306,5067,Bolívar,201603065067,Media,Alta,"75º09'33.7""W","-0,615086079854227","-1,28797894555357","-0,873826480726468","-0,828379841210999","-0,657763565274382","0,514839552946375","-0,524438265507628","-0,209236245255164","-1,15848515016646","-0,476639032211393","-0,559397179257792","-0,464755183709776","-0,998146430287809","-0,936266186735143","0,93935988929578","-0,316887641400099","-0,910313292087822","-0,148269131769329","-1,25922905764581","-0,805998624943781","-0,358941927004722","0,325726793811842","-0,24756792361301","-0,953564570487147","-0,379365554037889","-0,669414200613924","0,051022430837048","0,189273844805368","0,361967262259551"
20160307,5067,Bolívar,201603075067,Media,Alta,"75º09'33.7""W","-0,375900117884666","0,114782356757536","-0,526120950125768","-0,264151170869941","0,237835933947538","0,401779090642348","-0,044387265147949","-0,368879453708186","-1,23074259789332","-0,751449676195125","-0,323927244543175","-0,519362208136468","-0,998146430287809","-0,797017318052227","0,526519133313736","0,392188522251793","-1,16280926677239","-0,448039328650127","-0,481548894500312","-0,485849580319553","-0,437192340216162","0,114115978147073","-0,774177080122777","-1,36770330642471","-0,777009081708231","-0,805050077379714","-0,044871050765659","0,152162830562222","0,264317159038887"
20160308,5067,Bolívar,201603085067,Media,Alta,"75º09'33.7""W","-0,308155810662009","0,068511162577737","-0,669859334607278","0,332229763757777","0,052233705585373","0,220779768026319","-0,15044963912695","0,475694749635955","-1,21843974670553","-0,601169800237287","-0,367671781075699","-0,511817230651914","-0,998146430287809","-0,807985782927494","0,723165680699319","0,092338262143214","-1,11324352520909","-0,32473378099418","-0,461694079734672","-0,506681916296738","-0,141881334628202","0,227448809604398","-0,997138381999167","-1,31353099595187","-0,82971746059887","-0,556270675667467","-0,016803582496042","-0,13646683499816","0,219988164057769"
20160315,5067,Bolívar,201603155067,Media,Alta,"75º09'33.7""W","0,162475168068938","0,868596313949966","-0,393413388925549","0,805154826291387","0,104520852678684","0,165590018717278","0,601428554412575","0,666865818854007","-1,21531203561164","-0,751449676195125","-0,153449270089455","-0,511084130026363","-0,998146430287809","-0,992888827113304","0,407251145314366","-0,084623606147877","-1,1270009867694","-0,397464979483234","-0,037873562772693","-0,562175674476721","-0,847036643057851","-0,242125184657441","-1,21314643355185","-2,1853311349151","-1,7576040939796","-1,07386601020483","-0,820167706314856","-0,591433485352814","-0,536829724353618"
20160316,5067,Bolívar,201603165067,Media,Alta,"75º09'33.7""W","0,050424624199046","0,506462134920933","-0,33302649348362","0,725425702055337","-0,064996388685764","0,156690306757363","0,596709027987995","0,514546194664125","-1,20976558815558","-0,762501151290748","-0,410199987397806","-0,511730464166275","-0,998146430287809","-1,12225610777473","0,379114179460008","-0,04399344135744","-1,09610881224553","-0,393244530246379","-0,097391917882884","-0,483416768971748","-0,922175110499019","-0,131177384767133","-1,24590758306633","-2,42572430942363","-1,92577377203668","-1,39446329241789","-1,44126732881225","-0,875208808699382","-0,879051049055288"
20160317,5067,Bolívar,201603175067,Media,Alta,"75º09'33.7""W","0,153452810280794","-0,056551981172129","-0,228279198733792","0,708942086325434","-0,233743814557773","0,199814231845354","0,618464698409536","0,56884799625062","-1,18559412015489","-0,55382255590638","-0,402551863100097","-0,497513078882122","-0,998146430287809","-1,19855645885144","0,30894041168035","-0,219424098235013","-1,04759696982914","-0,322246629943414","-0,152505606214964","-0,487547534002275","-1,02945073777447","-0,284178249470615","-1,3111360212367","-2,42151318652208","-2,05241288240916","-1,53051460669575","-1,42863710799523","-0,983595413624613","-1,21444897482118"
20160318,5067,Bolívar,201603185067,Media,Alta,"75º09'33.7""W","-0,079015428623903","0,024963173060833","-0,047640661984953","1,3196936678811","-0,536231839100666","0,042763933187801","1,19538050236768","0,401024986480642","-1,14275891044899","-0,036282504924889","-0,300652946797732","-0,452777564976133","-0,998146430287809","-1,33205777503844","-0,328042435432162","-0,922857432650309","-0,995018675536608","0,017243647553323","-0,837956539447681","-1,35609624108051","-1,48285577077362","-0,116152377502804","-1,96074111805618","-2,80860972868833","-1,93763812331026","-2,47857966114602","-1,5386777310049","-0,954723073728054","-0,998195754108628"
20160225,5069,Bolívar,201602255069,Alta,Media,"75º08'22.3""W","-3,63274993385232","-1,31684295793034","-2,75231778923112","-0,540248142976859","0,764021560797425","-0,486885046669589","-0,103213808549899","-0,347945463444506","0,553377533380532","-0,203363959117631","-0,724006437342111","-0,515803956687648","-0,998146430287809","-1,20727669670048","1,61688127801603","-0,111085685702289","0,453045381644268","-0,536576780508602","-0,017240230603004","-0,389027078438601","0,242216411925133","-0,222609288499446","0,34483876075597","0,797402439050681","0,190365829619494","-0,012384659994162","-0,306273376631328","-0,201509379664005","0,049260657693847"
20160226,5069,Bolívar,201602265069,Alta,Media,"75º08'22.3""W","-2,49688453283016","-0,923160704731903","-2,258908130247","-0,661843509893085","0,765779849447167","-0,126293862092901","0,237586006933068","-0,54783722451482","0,535551135838733","-0,33384154993964","-0,811898988485446","-0,558937108302321","-0,998146430287809","-1,05608489916415","1,72687342477264","0,218228732920544","0,452139401678171","-0,537135246289657","0,259771249560824","-0,209464127003501","0,553605937862659","-0,053446825194894","0,466692859560651","1,00074839508916","0,385696359114579","0,256291393183957","0,333589821183174","0,209430429727366","0,293598999302637"
20160214,5070,Bolívar,201602145070,Media,Baja,"75º10'11.5""W","-0,463468580971789","0,209669855457087","-0,51464666867908","0,070045507770011","0,45314411644972","-0,764503746683493","-0,059606388862448","0,268477926310932","-1,05591537538131","-0,499460905007931","0,19110481534174","-0,49422932163793","-0,998146430287809","-1,17526298303936","0,46018506881013","0,01495055129273","-1,01903916301997","-0,466372612289303","-0,564856809125066","-0,913885844921114","-0,617825880003194","-1,00257686443516","-0,645849750975282","-0,107990441702145","-0,091614967760017","0,118864679598196","-0,216443826819375","-0,454658431605999","-0,13062329970188"
20160215,5070,Bolívar,201602155070,Media,Baja,"75º10'11.5""W","-0,32911029717377","0,126032232489202","-0,292208507040391","0,155210447082623","0,447977682946519","-0,67468995920932","0,127919637118601","0,4541721557529","-1,05471687397145","-0,468747461758386","0,155233869607275","-0,493071119129212","-0,998146430287809","-1,19566419845611","0,232147685049117","0,066768365304144","-1,0198513187514","-0,422422019507415","-0,449691953911008","-0,747820096551367","-0,477771081663336","-0,763911724609802","-0,721541771184224","-0,231125737166419","-0,187669934994051","0,071319420417917","-0,324976385099196","-0,369714045227779","-0,021905587003552"
20160216,5070,Bolívar,201602165070,Media,Baja,"75º10'11.5""W","-0,20130548297203","-0,011479069552414","-0,340337387027079","-0,045021161073485","0,425064325548314","-0,67631581703085","0,063999358535697","-0,095560490346917","-1,06037349041399","-0,432683242484453","0,159865247249806","-0,491708518536333","-0,998146430287809","-1,24125972654944","0,312544232527315","0,015022301951263","-1,02114956831608","-0,429535010213743","-0,359249970573072","-0,586413939787561","-0,574053245423537","-0,61188812208028","-0,924519145068409","-0,320556309833942","-0,505072089749317","-0,252384891287286","-0,524798866433599","-0,424018326339101","-0,097884461873358"
20160217,5070,Bolívar,201602175070,Media,Baja,"75º10'11.5""W","-0,471324894493047","0,050871642622816","-0,147648320173816","0,477186277153837","0,15659696425978","-0,541569363034159","0,018197527110103","2,3580162440297","-1,01559162293231","-0,516095421991168","0,297585279115673","-0,473168149253099","-0,998146430287809","-1,22740044174032","-0,011110190123315","-0,139227875636986","-0,937696286249785","-0,459814931712931","-0,608602127502751","-1,1581747177248","-0,804888778614008","-1,24772037022875","-1,27116796470241","-0,246935819263274","-0,041770971618366","-0,280753298358627","-0,463781290498428","-0,29661150910435","-0,032517664541862"
20160224,5070,Bolívar,201602245070,Media,Baja,"75º10'11.5""W","-0,431548689298864","0,160916311361105","-0,456961486562478","-0,227758068038795","0,29738603720261","-0,796503571564461","0,302405174880896","0,1674246465867","-1,04436736751387","-0,490692896798503","-0,088445715806628","-0,472028563433192","-0,998146430287809","-1,2929281934187","0,308303174928916","-0,198089325600687","-0,997390219852078","-0,506207902435905","-0,25740377609001","-0,641117242485791","-0,327644427537364","-0,631691315972906","-0,946657764609791","0,004275653036543","-0,192466387823079","-0,086953388315883","-0,768136523430595","-0,682079213727046","-0,197684866858091"
20160225,5070,Bolívar,201602255070,Media,Baja,"75º10'11.5""W","-0,494440349691847","-0,192145838746979","-0,400826850985073","-0,005117783467378","0,355977953301237","-0,866802268125334","0,081926030107291","0,311372550474692","-1,05443018741085","-0,652073645081314","0,10503567091632","-0,475693116219416","-0,998146430287809","-1,24152239744799","0,208120008124565","-0,15993667355825","-1,01059177619601","-0,492397180775495","-0,47558180808159","-0,92858710701553","-0,649071956642078","-0,510664725466366","-1,15569168768065","-0,136370929323419","0,134594050268491","3,63436652316432E-05","-0,438832637592874","-0,356669813602823","-0,026622817759144"
20160226,5070,Bolívar,201602265070,Media,Baja,"75º10'11.5""W","-0,74163897360683","0,472081032233696","0,313515239084635","0,420790040526245","0,207800083559766","-0,724645058407878","0,635289020315146","1,59415760830496","-1,0331206198791","-0,521527059001656","-0,063861631416342","-0,487701271014542","-0,998146430287809","-1,16626248267417","-1,02660309732274","-0,115442130334023","-0,944463790470675","-0,353701501766536","-0,276982851242736","-0,970388306152644","-0,81562066376832","-1,50879383962134","-0,960096953713823","-0,278943511375429","-0,470813446032884","0,004103697572626","-0,340909939150541","-0,29748916243414","0,091272240975442"
20160227,5070,Bolívar,201602275070,Media,Baja,"75º10'11.5""W","-0,199168028231904","-0,137445911541955","-0,322043050669249","0,46791160926575","-0,034006046767503","-1,26224137320626","0,550918162875237","3,07812916972474","-0,994189991911822","-0,293543887012358","0,07475240946356","-0,438412755083312","-0,998146430287809","-1,31766127577733","0,145217167085301","-0,553965248107306","-0,904154898957443","-0,485064948220794","-0,610860287209416","-1,09747334082776","-0,621446199350551","-0,532214300134837","-1,05197743378162","-0,558942678481878","-0,362767975071151","0,079551169938758","-0,356056375427213","-0,323068985998421","-0,116068190921759"
20160305,5070,Bolívar,201603055070,Media,Baja,"75º10'11.5""W","-0,429898616848606","0,572503983270427","0,296336684666655","0,673165879791868","0,388432038106019","-0,939701831274144","0,376194226590694","0,837346648637464","-1,04184262558443","-0,394244806494804","0,352642470963039","-0,473801320063092","-0,998146430287809","-1,2396034305313","-0,808663707125627","-0,127739027202651","-1,00949973403944","-0,465167706802093","-0,117342216111832","-1,03532654207159","-0,985592347331667","-1,22504154383305","-1,82159154009214","-0,498876049273883","-0,452698550882106","-0,268809495979169","-0,456453430828043","-0,306272617808887","-0,116752008577687"
20160306,5070,Bolívar,201603065070,Media,Baja,"75º10'11.5""W","-0,734584580309595","-0,216762078176825","-0,329281371776985","0,216236473948832","0,087974391505861","-0,520366386770553","0,214040363759339","1,76904704779981","-0,99798055611915","-0,279609362019549","0,155165252895146","-0,453646792354796","-0,998146430287809","-1,29620892049103","-0,07013605681866","-0,425664859062572","-0,915307449566816","-0,370436916130421","-0,523872416931083","-0,976319704696058","-0,895265063951882","-1,32457128846594","-1,71910767120249","-0,550999855678233","-0,437918473832794","-0,472426077514842","-0,404784155140594","-0,242404455552357","0,183227009132541"
20160307,5070,Bolívar,201603075070,Media,Baja,"75º10'11.5""W","-0,489095146125955","0,390098943113434","0,071155147561527","0,556450544744831","0,277620109962942","-0,425938781966415","0,493282496461987","1,87392814534137","-1,02716886750509","-0,420734070733144","0,296885098722222","-0,478543693501823","-0,998146430287809","-1,20894971782219","-0,691766289956187","-0,063439791409376","-0,981943401690781","-0,454385778955965","-0,391420759108829","-1,0719574938939","-1,01505893578385","-1,25148874413326","-1,88905612346042","-0,649593132305403","-0,321722454971557","-0,310259494878574","-0,362302265685274","-0,248116919673786","0,142904432595316"
20160214,5071,Bolívar,201602145071,Baja,Media,"75º11'30.4""W","-0,299264198475173","-0,043229990554448","-0,996947914442326","0,157129519398905","0,892220718524189","1,10151851845412","-0,798792663713014","-0,557078766909463","0,159124385141357","-0,716656994081457","1,19203238982736","-0,648191792585146","-0,998146430287809","-0,012719853169357","0,950510619407873","-0,106910611447606","0,085267977651952","-0,578411911367775","1,09634297589437","0,73037506350776","0,815274216363661","0,933224669718734","0,30530244815853","0,337106184229441","0,368742873112309","0,723300948492306","0,840594816290993","0,807253570257223","0,943935554919673"
20160215,5071,Bolívar,201602155071,Baja,Media,"75º11'30.4""W","-0,135157157294286","-0,164378358790597","-0,888396654910304","-0,180859224411059","0,897695275216927","1,22702432228841","-0,951352163696702","-0,659425748959601","0,15149531219132","-0,734699525260272","1,35273072621821","-0,6510229520854","-0,998146430287809","0,164884651289936","0,846422794544101","0,08436304840057","0,078229314582403","-0,579316007982626","1,03526835603233","0,818492707430378","0,761922831676424","0,711030597709919","0,30877032738979","0,224557442569034","0,806379542321887","0,65301865220221","0,740708747912106","0,71851474843626","0,759500988403092"
20160216,5071,Bolívar,201602165071,Baja,Media,"75º11'30.4""W","-0,411179731011393","0,001329396745245","-0,796750161303116","-0,161203076179337","0,896299293118985","1,18439851752981","-1,03127213437881","-0,642780165401027","0,154271502861787","-0,75403811727991","1,31279780316868","-0,64945867526389","-0,998146430287809","0,244262667681814","0,69529751643463","0,112290357010882","0,08062278574372","-0,577807436957936","1,05296999893886","0,517767667283844","0,752075065655941","0,945480072347526","0,065823465876528","-0,132380308344269","0,313243191983592","0,385286683597119","0,744983141378328","0,751686429214872","0,821401706814392"
20160217,5071,Bolívar,201602175071,Baja,Media,"75º11'30.4""W","-0,331282998307987","0,048296796459901","-0,838413637813448","-0,029882095011601","0,895678778613653","1,25136296802336","-0,985584789308364","-0,646580002581568","0,154079561418297","-0,701520271659549","1,4345615413498","-0,646146299042013","-0,998146430287809","0,322012225354932","0,806858149758275","0,007882494617976","0,080592807922756","-0,580189168926217","0,950204086714335","0,533374643396284","0,669714495761156","1,3217014901169","0,394812815405929","0,060439413231258","0,590968690877515","0,584491591498477","0,72920465235216","0,710637121810813","0,752660914197249"
20160224,5071,Bolívar,201602245071,Baja,Alta,"75º11'14.7""W","-0,456944205013403","-0,016396570191958","-0,740647862607762","-0,013464122526135","0,88237834116908","1,05048651168498","-0,901544213943787","-0,513348948975515","0,15300977161882","-0,455194641339503","1,53352847423078","-0,632280177453636","-0,998146430287809","0,186133277416557","0,539642072166828","0,08159171054662","0,079846808653834","-0,581071970719306","0,986222549150028","0,638104750756424","0,324303720932419","1,21297767277568","-0,018508782589839","-0,406158338961097","0,919169809300077","0,291060983941034","0,399475768603217","0,461708297209876","0,609240467698428"
20160225,5071,Bolívar,201602255071,Baja,Alta,"75º11'14.7""W","-0,305990019453367","-0,165560566019023","-0,847640828770421","0,358246521484047","0,88070837667117","0,745410996505332","-0,484944568044615","-0,419615602960081","0,160537021174684","-0,598104151323775","1,04001576645334","-0,630372469007262","-0,998146430287809","0,297406665035574","0,78526003133294","-0,138956984325908","0,086281748666061","-0,581170803562515","1,11343018910902","1,04326249297688","0,794527036036098","1,48013279321294","0,437978851210337","-0,162328318186256","0,655398369287989","0,804844299134159","0,517525266192358","0,566780770591529","0,666223054552218"
20160226,5071,Bolívar,201602265071,Baja,Alta,"75º11'14.7""W","-0,560255512650764","-0,430877743563637","-0,612698799751145","1,12191781664131","0,860323824415106","1,00112515723184","-0,460772262645149","0,156141358376529","0,166849812950465","-0,504656277036502","0,74797370459039","-0,618593944564249","-0,998146430287809","0,306949184591558","0,264414513640663","-0,164817400525185","0,092622290155365","-0,574600542180245","1,01346725145555","0,710182213228255","0,747413440048525","1,17222642600429","-0,180912516383587","-0,202452088524014","0,083697220684543","0,831453852465425","0,707020807074634","0,760803652687538","0,590934446965447"
20160227,5071,Bolívar,201602275071,Baja,Alta,"75º11'14.7""W","-0,525287863858131","0,094579549227049","-0,708873694834215","1,18068550693797","0,855759723627585","0,660418445179623","0,289621619814782","0,215671198055654","0,165123738748797","-0,462635270528336","0,787890271905366","-0,609651607139227","-0,998146430287809","0,214413676248094","0,482408011180844","-0,378946755843854","0,090997331551887","-0,577299680419715","1,03377792173706","0,627817649520564","0,708867972670724","0,963987229270236","-0,570432088991604","-0,68868238675148","-0,226930379062198","0,221637200115284","-0,15414544392735","0,244069248338587","0,375437170010838"
20160305,5071,Bolívar,201603055071,Alta,Alta,"75º09'42.7""W","-0,593731594089809","0,668040866757146","-0,472093511616751","0,345499405953408","0,890733650098171","0,887745379825065","-0,480898171471893","-0,570053087124088","0,16634538798538","-0,592217202381346","1,16262832297852","-0,64400637241228","-0,998146430287809","0,177247171131878","0,22315026333682","0,079499166672479","0,092153102344609","-0,58118787384226","1,12355097673681","0,722292267593587","0,22644862868338","0,440220666867026","-0,369985731320087","-0,931916659303946","-0,109839933651742","-0,160054500935447","-0,307964710711487","0,320517370700094","0,239072909345991"
20160307,5071,Bolívar,201603075071,Alta,Alta,"75º09'42.7""W","-0,717434498751868","0,52942407764653","-0,397023743022899","0,404748995556676","0,893598688311285","1,07595595318135","-0,484032778162993","-0,641037513361172","0,159964877399506","-0,612768622525758","0,93411760770689","-0,647741714291453","-0,998146430287809","0,305984748833165","0,057785514789824","-0,099930105079851","0,086206707273107","-0,581031443269103","1,06169002388919","0,320119702102786","-0,178870901557807","0,498113457112773","-0,439919583124816","-0,636715099150971","-0,393843088580346","0,075437194964592","0,196950874994464","0,47375362577235","0,536508080354486"
20160308,5071,Bolívar,201603085071,Alta,Alta,"75º09'42.7""W","-0,425707958651574","0,957103446382648","-0,346401309439842","0,257109065715295","0,892017002073625","0,641592609938758","-0,472889248703569","-0,565625357360964","0,153090251823733","-0,521498704746252","1,23941325368022","-0,647586434589143","-0,998146430287809","0,162923010855868","0,073941337327128","0,132128992827982","0,080045415968309","-0,58027332538632","1,08013287319299","0,814794189019182","0,434401817436797","0,335642875721499","-0,464408386913574","-1,07972808261419","-0,347979496515386","-0,42507651057114","-0,597475637983361","0,093243551806548","0,022549286563541"
20160315,5071,Bolívar,201603155071,Alta,Alta,"75º09'42.7""W","0,098644763592549","1,03660240422793","-0,109499171091416","0,782766944050264","0,892128594676664","0,763235200497004","0,43229361396148","-0,701776529996485","0,152574184290901","-0,64905443861974","0,723330720236426","-0,651719455513163","-0,998146430287809","-0,10980935900346","-0,080995753363927","-0,147040545198525","0,080138771829953","-0,579333823111962","1,08012546161757","0,455753223660557","-0,494340361301654","0,11574577929158","-1,64103004046113","-1,68938524571656","-0,94556228617614","-0,857492657990565","-1,49975030665433","-0,505977106867085","-0,667955610381566"
20170124,5071,Bolívar,201701245071,Alta,Baja,75º8'22.3''W,"-0,255658681753764","-0,612493315736035","-0,893594118523908","0,022672011449338","0,902783764892518","0,489547894899156","-0,622718855329538","-0,855828969229024","0,167228497376956","-0,497613599461517","1,45662524107629","-0,636939400234739","-0,998146430287809","-0,099366873927222","0,824598491840819","0,334259898894273","0,092390701829138","-0,582728959822094","1,29886768970999","1,37794591237681","1,52731032689916","1,67154842405097","1,5531467868849","1,36081573930853","1,52260500378437","1,16543693660901","0,562504897277996","0,364215572913691","0,208957189278637"
20170125,5071,Bolívar,201701255071,Alta,Baja,75º8'22.3''W,"-0,053898296167034","-0,778902307319962","-0,971309946429165","0,129875031464293","0,902258253739774","0,538971648931011","-0,801661732769944","-0,849918139919566","0,159892868840739","-0,323954607349228","1,35860257745407","-0,633736567749796","-0,998146430287809","-0,06517094969986","1,0323007592227","0,378683726799353","0,085567775417982","-0,58228036304331","1,30221498851164","1,36463193533212","1,48558290314842","1,67055281279711","1,3754588350174","1,59830012673397","1,57358968375765","1,10764306614981","0,357598596550289","0,239382497005736","0,10304327293782"
20170126,5071,Bolívar,201701265071,Alta,Baja,75º8'22.3''W,"0,023103573229634","-1,06386808617207","-0,870568778188151","-0,249885686398141","0,902796448055776","0,468027099581437","-0,870860940546449","-0,851718883652266","0,158263318512634","-0,374256289228964","1,47466462707332","-0,629112529302317","-0,998146430287809","0,039057130966289","0,905086640042093","0,465393042406193","0,084048059463844","-0,581962718490575","1,29419958205024","1,36567338538387","1,62250507793952","1,75530713465834","1,44662333245946","1,64400030037997","1,49567226264877","1,04172368569747","0,385273084370102","0,241502357264541","0,190681953453929"
20170202,5071,Bolívar,201702025071,Alta,Baja,75º8'22.3''W,"0,089918604395589","-0,851286340067288","-0,704840754507444","-0,038248446358502","0,896775805594237","0,47699098347612","-0,387484147642165","-0,733278351193514","0,160764149570492","-0,121053630382535","1,36724934818632","-0,620906829953108","-0,998146430287809","-0,07542148933389","0,717217423420479","0,319514905271412","0,086504122290929","-0,583230242904554","1,28752965335371","1,45850767413257","1,708264451665","1,73730274938939","1,45465486709663","1,6859261691199","1,19893647707713","1,00948519413343","0,622866054128468","0,391809069295523","0,180105295712227"
20170203,5071,Bolívar,201702035071,Alta,Baja,75º8'22.3''W,"-0,059147543497228","-0,695083907487382","-0,577451566286828","-0,028122299716763","0,896815626916709","0,1023719589048","-0,426693390802547","-0,740343134986503","0,159336684334188","-0,220159988954902","1,26629835555804","-0,619678281353682","-0,998146430287809","-0,068389696923079","0,542596626650518","0,337234560543846","0,085335053245326","-0,582491084426369","1,31963582874802","1,49188020952102","1,77372749074018","1,80388440664091","1,36333728077835","1,61261138611996","1,33451990741184","1,09732445457924","0,394130674451807","0,058637936269119","-0,292063979462508"
20170214,5071,Bolívar,201702145071,Alta,Media,"75° 8' 25.9"" W","-0,695390588618675","-1,99752342813002","-1,37264802484316","-0,782652563461419","0,906224229238748","1,8371806362184","0,656069632349322","-0,623230085753393","0,167730305667809","0,520760434951289","1,95754819126209","-0,63009869693847","-0,998146430287809","0,086409090179156","1,34913434913728","1,6910342818263","0,092734164361546","-0,582659209963294","1,33688819234997","1,3767849402366","1,72783970529381","1,78065798548544","1,71084307988203","1,73764629394574","1,67206346676134","2,10193086927141","1,59862279175945","1,34401091622126","1,35069273206525"
20170215,5071,Bolívar,201702155071,Alta,Media,"75° 8' 25.9"" W","-0,646601280932625","-2,11040498850261","-1,21252723352912","-1,3257874440895","0,906231216402408","1,40690094204519","0,354071268608179","-0,679518825131425","0,159745730233764","0,314210256826919","2,04380498612606","-0,632877272479125","-0,998146430287809","0,140758866354405","1,19820160323611","1,73625431053064","0,085466180073071","-0,582308805530103","1,2655991660935","1,39134440774546","1,79512640161934","1,92077891117377","1,97738684918431","1,80582263181596","1,58331893564827","1,72018630326159","1,2929907953868","1,07519137441736","0,996886871578167"
20170216,5071,Bolívar,201702165071,Alta,Media,"75° 8' 25.9"" W","-0,562530799627168","-2,26502438659782","-1,17735548782221","-1,13564408439457","0,906165783979397","1,2131332852658","-0,288280320894078","-0,756008070411231","0,15866454121305","0,042338923138923","2,23383844909639","-0,63331458255163","-0,998146430287809","0,19649613729216","1,1048778759142","1,39339435472633","0,084514785481248","-0,582842028055246","1,25512733850956","1,33885075821606","1,6516535109843","1,8384779831599","1,76996833033033","1,72421309510929","1,66953175897632","1,78058340067294","1,24466388926688","0,864844855543565","0,839562016844207"
