filename,chroma_stft,spectral_centroid,spectral_bandwidth,rolloff,zero_crossing_rate,ADI,ACItf,BI,TE,ESM,NDSI,P,M,MIDBNT,MD,FM,SF,cluster,label
13654-SM5071__0__20170202_034000.wav,0.6906947493553162,1657.1564688045444,2543.075989630411,5489.70847115059,0.0,1.6957773224091097,45163.0381056888,0.9998860949691919,0.9666295685606274,0.9213548824580524,24.430695032444266,789.2551912097584,0.02185792349726776,-100.3515102931758,-8.764474328796691,40.12262010814302,0.10464484240912798,Cluster7,Alta
13654-SM5071__0__20170214_125000.wav,0.903377115726471,1637.0150068320786,3035.014861867248,5725.157047425261,0.0,0.4861957288406197,44696.40425391966,0.9999703100610113,0.9210593332855597,0.34903141174313035,2.072344865910501,780.0012714951481,0.12724434035909446,-100.3515102931758,-9.474841649796444,40.17818647032841,0.37574281523040587,Cluster7,Alta
13654-SM5071__0__20170124_155000.wav,0.8870907425880432,2111.6953093008638,3435.153117952596,7233.906257558533,3.0234133126934986e-06,0.6031090329762611,44632.05139868021,0.9999229978706837,0.8859953267375777,-0.005463380451628304,0.9891326117731423,781.472125060465,0.0624512099921936,-100.3515102931758,-10.95477928839765,40.19327299502603,0.17218933688944796,Cluster7,Alta
13654-SM5071__0__20170216_062000.wav,0.9049793481826782,891.7600790239195,2202.454371291101,1938.7632765637093,0.0,1.4680663891869272,44912.396001174515,0.9999872953222634,0.9857998759834412,0.45495987682917055,2.669454623569335,788.1035579369945,0.12724434035909446,-100.3515102931758,-9.099078787308573,40.06580881542775,0.609970311841312,Cluster7,Alta
13654-SM5071__0__20170216_161000.wav,0.9058190584182739,707.0124308029352,1926.1555257350742,949.0192614103619,0.0,0.47085141624342974,44720.80350948832,0.9999814889227127,0.9584015318981717,-0.4436798829753084,0.38534866599246387,778.089187250944,0.12334113973458236,-100.3515102931758,-8.511959709908513,40.13708860875024,0.33411903051322517,Cluster7,Alta
13654-SM5071__0__20170216_093000.wav,0.9062668681144714,886.6460662894145,2212.119007917062,1813.0890364986456,0.0,0.8739306392406703,44776.016885079385,0.9999886684700714,0.9908038219248485,0.41368774396148245,2.411151616568989,787.1467005566133,0.12724434035909446,-100.3515102931758,-8.803039935356406,40.07065208268262,0.6495106555888771,Cluster7,Alta
13654-SM5071__0__20170215_131000.wav,0.907453715801239,1004.372766280053,2313.718819045814,2386.893900112471,0.0,1.7883394879370331,45188.18899001973,0.9999822305395423,0.9565902615911112,0.12886297235142063,1.2958500632196857,782.1951907550164,0.12724434035909446,-100.3515102931758,-8.969600318136898,40.026258241013295,0.4661083619411945,Cluster7,Alta
13654-SM5071__0__20170216_175000.wav,0.9074634313583374,767.8993215426221,1927.4307750553432,1536.6157082950367,0.0,0.596222406627396,45155.505468786476,0.9999777351812231,0.9669844030456144,0.12346549712660004,1.2817128058778366,785.0171476995273,0.12724434035909446,-100.3515102931758,-8.900993152071717,40.011861507266765,0.30818675226877096,Cluster7,Alta
13654-SM5071__0__20170126_195000.wav,0.6252944469451904,2374.7700648600157,2939.672397388676,6621.684959576964,0.0,1.7009614916712477,46111.22464832429,0.9997850766831547,0.9692086575958828,0.9373637429000675,30.93038812662634,789.176534087564,0.02419984387197502,-100.3515102931758,-10.296549322595117,40.065943164020545,0.09110583770760522,Cluster7,Alta
13654-SM5071__0__20170222_043000.wav,0.8054776787757874,1256.2637579901227,2372.8899460617836,4053.042158475232,0.0,0.4177745276249009,45073.12791833314,0.9999615893384173,0.973048588551785,0.869657685688094,14.344211206915109,791.5515085778011,0.06947697111631537,-100.3515102931758,-9.19536790568239,40.05641228161073,0.2591063150094873,Cluster7,Alta
13654-SM5071__0__20170126_163000.wav,0.9131909608840942,1270.3282371822422,2717.2275754045254,3605.1365335659348,0.0,1.093212488145655,44951.22374597122,0.999970476052952,0.9377470905522147,-0.14398650687509643,0.7482723685816737,774.6772498489476,0.0936768149882904,-100.3515102931758,-9.36206628703084,40.09432955626667,0.3199828353072129,Cluster7,Alta
13654-SM5071__0__20170126_221000.wav,0.7468497157096863,1855.671143881489,2681.1598573031542,5785.965013061145,0.0,1.6412265143324478,45479.301482394265,0.9998501408574706,0.9696452452715596,0.9135887847742532,22.145143773005124,789.0740691171236,0.02810304449648712,-100.3515102931758,-9.381011119393264,40.15829925761181,0.09375212477332462,Cluster7,Alta
13654-SM5071__0__20170124_202000.wav,0.7880405783653259,1550.1341217788076,2474.611693155928,4565.447393364212,0.0,1.3592656635344715,45527.71160956643,0.9999070053515428,0.9688399789185989,0.8573946219809236,13.02471651337343,790.0572519134737,0.039032006245121,-100.3515102931758,-9.773747121005016,40.10406444997216,0.11353132442093251,Cluster7,Alta
13654-302143__0__20170202_104000.wav,0.8998215794563293,1636.6280343316967,2832.1013477927618,5118.460716034975,0.0,0.5387763049909011,45794.976583742726,0.9997009365407902,0.9564450506905795,0.24113822308937002,1.6355260745140112,763.1411978407568,0.0,-100.3515102931758,-11.36776447888823,39.96234763966285,0.35291948131046014,Cluster6,Alta
13654-302143__0__20170123_132000.wav,0.7149198651313782,3170.38131983912,3970.409671763036,8521.990135358214,0.0,1.2887798164395117,44986.144491661566,0.9992276293764654,0.9217156970546194,0.1351671808704122,1.312585687963256,774.1952246346912,0.01717408274785324,-100.3515102931758,-12.990216281833902,40.2064577125476,0.23268922460679936,Cluster6,Alta
13654-302143__0__20170204_054000.wav,0.6816098690032959,1387.3300046510199,2448.7716664239674,4695.1966087884575,0.0,2.705838439143164,45504.50298621702,0.9998216389283128,0.9639898564374374,-0.2554308072311445,0.5930786376120597,777.9160568436344,0.03981264637002342,-100.3515102931758,-9.425211618528415,40.05146678307239,0.1869788618041048,Cluster6,Alta
13654-302143__0__20170125_043000.wav,0.3433060348033905,2117.0675587248593,2685.8515933398685,5000.2780973357685,0.0,2.106239691796122,45620.0801129387,0.9995850745671216,0.9090997986952292,0.9581195139145147,46.754937607879185,782.6775929216577,0.01014832162373146,-100.3515102931758,-9.196270367859661,39.978144131879944,0.08986599622588047,Cluster6,Alta
13654-302143__0__20170126_172000.wav,0.5425836443901062,4737.736305256069,3828.548801425781,8862.488076413749,0.007319305703366873,2.63346345698108,45389.52515667313,0.9976721157427886,0.8344353688042488,0.4693118179451629,2.7686914230046593,786.643112575823,0.0,-100.3515102931758,-14.047257032232352,40.20920430257644,0.07123850288509145,Cluster6,Alta
13654-302143__0__20170124_112000.wav,0.8450629115104675,1766.4023655508076,3050.7304100028173,5147.718872448239,0.0,1.8316086976031327,46151.16539022136,0.9998658026749138,0.8953210452279657,-0.0668281974839777,0.8747161021023137,768.9285437077147,0.06947697111631537,-100.3515102931758,-11.486128221993294,39.915257302298436,0.45052564021154057,Cluster6,Alta
13654-302143__0__20170206_225000.wav,0.3039831221103668,3712.2467635437015,2865.5224351691486,6338.620004565354,0.0011394488922213623,2.7680481073397165,46840.750325438006,0.998042112104931,0.8969626732684887,0.9910337660681461,222.0590920558878,792.5788174458709,0.00936768149882904,-100.3515102931758,-9.520900713835504,39.91664469514941,0.06575801264623338,Cluster6,Alta
13654-302143__0__20170127_082000.wav,0.659246027469635,1524.0920260919142,2637.149182828724,4618.247074091767,0.0,2.129903312504206,46625.79284155958,0.9998742227794907,0.9760965038817216,0.23791347154430287,1.624373906796159,773.9507317321884,0.08040593286494926,-100.3515102931758,-9.487195958580783,39.78405569821311,0.37249269781537936,Cluster6,Alta
13654-302143__0__20170203_101000.wav,0.8760006427764893,1724.2483923832608,3054.3857817523326,5970.130566103909,0.0,1.0817587718285988,46108.74412860943,0.9997519419405352,0.9632160339781618,0.16470667148196938,1.3943684592194465,771.0469094253173,0.02263856362217018,-100.3515102931758,-10.910982972831095,39.87304920003849,0.412299040505241,Cluster6,Alta
13654-302143__0__20170123_025000.wav,0.3819519281387329,2134.3068753198236,2662.5875487039593,4987.986504994678,0.0,2.4713320234961706,45972.840361830444,0.9994901244941571,0.9627492313868521,0.9701852777408906,66.08095358456427,783.4957433151565,0.0039032006245121,-100.3515102931758,-5.498726674277194,39.95445923204443,0.11204471915967741,Cluster6,Alta
13654-302143__0__20170206_011000.wav,0.28563883900642395,3386.7108846273773,2727.2126675414456,5886.906069351055,0.001895302220394737,2.5600937242297435,47889.97524977995,0.997584383853405,0.9098100633446613,0.9969056897021018,645.3475887853131,807.0002120091465,0.01327088212334114,-100.3515102931758,-7.581580597033252,39.820577774382755,0.07112037992338376,Cluster6,Alta
13654-302143__0__20170126_003000.wav,0.32043224573135376,3144.9641250883083,2740.8258788832995,5813.198181719234,0.00046862906346749225,2.8377452188767953,47844.94537054538,0.9982082604199538,0.9596610901643374,0.9933972330411694,301.90331499965873,796.8878930602978,0.00858704137392662,-100.3515102931758,-6.488019336893276,39.78044622781969,0.0919260211059351,Cluster6,Alta
13654-302143__0__20170202_071000.wav,0.6650426387786865,1458.3211815459458,2547.187693353369,4132.100013756531,3.0234133126934986e-06,2.6185360249302394,46973.56494083662,0.9997331774171601,0.9613128286212866,-0.01573189320168899,0.9690235320816786,779.4273172926067,0.039032006245121,-100.3515102931758,-9.709548416471026,39.77891148737962,0.1986247436509167,Cluster6,Alta
13654-302143__0__20170127_005000.wav,0.3581216633319855,2837.8535705909503,2740.511092477208,5622.799333035024,1.814047987616099e-05,2.8586509800898563,46648.20709963735,0.9989131654485307,0.9619696829079545,0.9905873803975395,211.4806997912871,787.0226410700889,0.00858704137392662,-100.3515102931758,-7.0541568818692895,40.008561105716645,0.11751202259700204,Cluster6,Alta
13654-302143__0__20170205_083000.wav,0.8026285171508789,1330.7654252606098,2665.7444602300316,4017.20070853691,0.0,2.2770953022545988,46260.86866829957,0.9998301231169409,0.9507865032983026,0.0680539012096617,1.1460468610748955,777.4420291225808,0.02888368462138954,-100.3515102931758,-9.42782781474251,39.88618462864138,0.29382301067008587,Cluster1,Alta
SM302143__0__20170603_135000.wav,0.8901886940002441,985.279432103998,2285.690935997732,2225.8282073880127,0.0,0.8883160419168991,45577.14813911362,0.9999010906357024,0.9468923587527475,0.025746070716842283,1.0528528958272427,764.8191752740267,0.08743169398907104,-100.3515102931758,-9.617503210069826,39.986756819081116,0.31899233982676556,Cluster1,Alta
13654-302143__0__20170127_073000.wav,0.7900578379631042,1146.0519696852407,2329.400347557208,2841.3244855662247,0.0,1.2939507072715777,46156.442985503825,0.9997901321182393,0.9699042274004298,0.19317849062030426,1.4788630158579303,777.2329076309794,0.12646370023419204,-100.3515102931758,-9.689406111064685,39.89153565659893,0.19669494347253846,Cluster1,Alta
SM302143__0__20170524_203000.wav,0.24774210155010223,3917.6180748907727,3131.6066456739495,6776.592356206463,0.003920989139899381,1.4763788034384782,45620.45342982739,0.9977435287939358,0.9804691000280678,0.9845857313676204,128.74991209110962,804.0189290804424,0.0,-100.3515102931758,-10.673625173059044,40.17949982733324,0.03581658685402917,Cluster1,Alta
SM302143__0__20170603_195000.wav,0.37364062666893005,3079.401654674828,3153.1219411514844,6627.5015910712555,0.0,2.1683364033272743,44937.4719620723,0.9991963895644018,0.9782304543606926,0.9680589742326042,61.61539671783298,780.29028318089,0.0,-100.3515102931758,-11.151697518990566,40.3493119678339,0.06733310655466111,Cluster1,Alta
13654-302143__0__20170212_121000.wav,0.8845726251602173,1293.9368200244976,2714.687769639489,3792.7187326153735,0.0,2.722637423531845,45302.072063722684,0.9998988175098341,0.9711679917756424,0.18535193115189688,1.4550478623584806,763.2401461238146,0.0663544106167057,-100.3515102931758,-10.458402524310225,40.02520504823919,0.5279083429437099,Cluster1,Alta
SM302143__0__20170514_175000.wav,0.760485053062439,1652.1846149532137,2704.600256338998,5393.659051948288,0.0,0.46235754468736046,45289.07751827759,0.9998265157332191,0.9804072349996135,-0.21498347532794454,0.6461129230256949,771.0159761282748,0.09523809523809523,-100.3515102931758,-9.369159049189081,39.98512267340813,0.279463578529408,Cluster1,Alta
SM302143__0__20170510_004000.wav,0.1949644386768341,3499.220557425473,2939.060989863532,6175.63765676398,0.0050347390189628485,0.5207786789258657,45653.46826852434,0.9968461467506563,0.989642263322738,0.9898041607412991,195.15844750526733,811.1831009647358,0.0,-100.3515102931758,-5.659677602718622,39.95691304018477,0.023252864949613525,Cluster1,Alta
13654-302143__0__20170215_021000.wav,0.21686461567878723,3230.7622403453242,2493.5651908455716,5355.817614103618,0.0062410809307275545,1.7837781935139612,45158.95795847979,0.9970849065041129,0.9757821823756482,0.9836502495808587,121.32602631404947,816.2294514612574,0.00312256049960968,-100.3515102931758,-7.144054737495736,40.12212809729081,0.022826939839600047,Cluster1,Alta
SM302143__0__20170601_191000.wav,0.3144948184490204,3122.169101029888,2978.5240138857503,6425.202814344282,4.1949859713622294e-05,2.5458066383664897,44894.22097585317,0.9985069609979974,0.9766909669555515,0.9653612649427268,56.73882899283459,789.2907447855439,0.0,-100.3515102931758,-11.038602693072875,40.600511908514704,0.045084814006977114,Cluster1,Alta
13654-302143__0__20170123_001000.wav,0.2815167307853699,3326.6347050731315,2783.756406263541,5958.605635793586,0.0006250907023993808,2.7544232908770616,46525.331734712396,0.9978952360008085,0.9557152300621343,0.9875637890815863,159.82068832064283,799.3365677145443,0.0,-100.3515102931758,-6.335468761411717,40.035822288110644,0.07728225194629174,Cluster1,Alta
13654-302143__0__20170213_204000.wav,0.28092604875564575,3517.5426250802484,2441.132691518921,5720.582075089493,0.028664225764318884,2.074333371312194,46291.03111875696,0.9955176781003889,0.9711609070111898,0.9406414865946758,32.69356618389644,847.5365854116608,0.01639344262295082,-100.3515102931758,-6.6817447652756075,39.91480178028168,0.03568236982973661,Cluster1,Alta
SM302143__0__20170522_014000.wav,0.19244986772537231,3433.207831199934,2780.787046981719,5985.063809137964,0.018097018309791022,1.919641851314236,45528.79085021875,0.9969017537888569,0.9747419174258042,0.980455656050902,101.33139598898227,809.9214647453939,0.0,-100.3515102931758,-10.387718755370988,40.10689120293381,0.01999859084499004,Cluster1,Alta
SM302143__0__20170531_100000.wav,0.6622779369354248,1263.106516210831,2360.2450616182123,3288.238449805292,0.0,0.9404441991612802,45852.83367945268,0.999864537604286,0.9345106337003013,0.46194118185915367,2.717065741828368,771.1472182252332,0.11553473848555816,-100.3515102931758,-9.786616881972577,39.939917183564205,0.24886143242830003,Cluster1,Alta
13654-302298__0__20170204_112000.wav,0.6388229727745056,3227.9482422276533,2914.169474389948,6544.277094318401,0.004176467564821981,1.3515853206389399,46244.98618713545,0.99674063330758,0.9584347352956617,0.8096601834735294,9.507523000169858,377.9395924376854,0.11943793911007025,-100.3515102931758,-13.878500595355064,39.908885449294985,0.14975495834246097,Cluster5,Baja
13654-302298__0__20170204_141000.wav,0.794028103351593,2443.858765100156,2915.026536427233,6117.646340762868,6.046826625386997e-06,1.2364148766685343,45155.25229891427,0.9995461704350689,0.9736125632955047,0.5761990822645182,3.719196953811962,364.3648478147159,0.12724434035909446,-100.3515102931758,-12.175549825713007,39.99078063415811,0.3971978541572161,Cluster5,Baja
13654-302298__0__20170202_015000.wav,0.25847458839416504,4287.708376986418,2367.020037331348,6375.986445282266,0.17814404750386997,1.7203022892809507,45118.19650029256,0.9925714512352519,0.9627168841579802,0.984027407269336,124.21448669760609,471.2812996190204,0.02419984387197502,-100.3515102931758,-14.38412360261464,40.147487576665824,0.02625312792288835,Cluster5,Baja
13654-302298__0__20170203_033000.wav,0.2701188027858734,4419.069879238211,2470.4889452470607,6647.38480417352,0.1701066811387384,1.4307614534155157,45289.775494729285,0.9928507001707448,0.942607488843571,0.9811261783733919,104.96688045310425,446.2501546352223,0.02654176424668228,-100.3515102931758,-14.301707743420195,40.11026685809929,0.03143400989509387,Cluster5,Baja
13654-302298__0__20170205_171000.wav,0.20270374417304993,3048.269930389859,2301.8296621073487,4816.662540967251,0.0807565033620356,1.7460631460890086,46854.11722047646,0.9903895092213504,0.9752228674936961,0.9915564824275568,235.86810418057829,416.5764959569877,0.0156128024980484,-100.3515102931758,-12.932910213234955,39.557930565928224,0.009705605156303834,Cluster5,Baja
13654-302298__0__20170202_185000.wav,0.2874803841114044,4115.162908273591,2663.080057582689,7028.257501088428,0.07873648534249227,1.7678398112154816,46524.78136692404,0.994157101478217,0.946438476835753,0.9722695350318815,71.12284403811424,421.6818984265303,0.01795472287275566,-100.3515102931758,-13.896445144492423,39.866835532153075,0.048598916181725633,Cluster5,Baja
13654-302298__0__20170204_003000.wav,0.2751927673816681,4408.8556983450435,2289.971018095811,6685.04290979344,0.20700744062016255,1.2615935837756278,45818.94178757034,0.9919352804262656,0.894351268749852,0.9903954221222412,207.23403437972644,499.2159451648459,0.0234192037470726,-100.3515102931758,-14.297128038535064,40.0415718456386,0.04228525509501544,Cluster5,Baja
13654-302298__0__20170202_145000.wav,0.5360159277915955,2853.0519087137877,2827.120282187976,6199.154181229441,0.0001961439386609907,0.46455492365374873,45162.683204739915,0.9982168190856157,0.9696112630004218,0.4157185175368888,2.4230076769997084,375.5453169408404,0.02966432474629196,-100.3515102931758,-13.346326326010033,40.02061638534995,0.013974553795443899,Cluster5,Baja
13654-302298__0__20170206_023000.wav,0.21715471148490906,4565.807996491395,2317.610354751161,6859.116857192095,0.2540812300454721,1.799055090227007,45775.62127077787,0.991507128039901,0.9521676478904755,0.9936982839402616,316.37386785450224,549.02103937803,0.02185792349726776,-100.3515102931758,-14.659931537944823,40.02194821285323,0.01717979527983115,Cluster5,Baja
13654-302298__0__20170205_130000.wav,0.5586728453636169,2440.965748577151,2883.618255520628,5963.988936574836,6.349167956656347e-05,2.2098705014062525,45115.06981225186,0.9988737967161528,0.9422194656631622,0.6182104346886842,4.238487852252264,370.2730121569968,0.12724434035909446,-100.3515102931758,-12.598405479786345,40.061360154759065,0.19080038223055795,Cluster5,Baja
13654-302298__0__20170206_082000.wav,0.25708967447280884,3122.270967705567,2360.04788100717,5208.476838386465,0.07212503628095976,1.802980785312566,46127.978091464305,0.9925259371699061,0.9679282648339731,0.9726820762417562,72.21200606969465,408.1877545973643,0.01795472287275566,-100.3515102931758,-13.411383432991716,39.78811631250703,0.01791058721786217,Cluster5,Baja
13654-302298__0__20170203_141000.wav,0.7811070084571838,2595.2307366737064,2906.703128674904,6101.079774271962,0.0002086155185758514,2.1843741768032388,45244.12482463495,0.9991765975503044,0.9734966540044616,0.6327188863449517,4.445420212590641,367.14862753678074,0.12724434035909446,-100.3515102931758,-12.595962051943594,40.01314941907059,0.3163617603472068,Cluster5,Baja
13654-302298__0__20170203_215000.wav,0.2582125961780548,4328.046305785247,2307.855642364534,6803.383860868566,0.20372476961590558,1.63894422341146,46482.730306699086,0.9916422156541842,0.9673335489997195,0.994271491711315,348.13103014103535,527.6825968516687,0.02576112412177986,-100.3515102931758,-14.205460942876247,39.86495061575111,0.022320752439654604,Cluster5,Baja
13654-302298__0__20170204_170000.wav,0.2356070578098297,3037.703110219644,2402.7026883605895,4932.386841198239,0.041035655113196595,2.184633400110463,46275.76189546494,0.9945706566518604,0.9727074592198486,0.9845377584395024,128.34735188134226,394.0612647976923,0.01795472287275566,-100.3515102931758,-12.901125812489886,39.73014725209981,0.024919645676575407,Cluster5,Baja
13654-SM5071__0__20170127_011000.wav,0.6252074241638184,2097.7768964276847,2816.2086879633052,6181.120956940547,0.0,1.3811652663465235,45332.62942582544,0.999831607569641,0.971294387967717,0.9282459523744813,26.87299206363817,788.0237833676722,0.02654176424668228,-100.3515102931758,-9.483747905917099,40.15283765827652,0.08617202125125695,Cluster2,Baja
13654-SM5071__0__20170123_013000.wav,0.6653304696083069,1640.2825035708265,2500.5509110960297,5370.367526122291,0.0,1.7341643880346158,45689.47623064392,0.9998867317177097,0.9679849258411134,0.8868271949393136,16.672090030175923,792.034866204358,0.04059328649492584,-100.3515102931758,-9.855097722391964,40.005237600056596,0.0896951642729786,Cluster2,Baja
13654-SM5071__0__20170204_012000.wav,0.5516490936279297,2303.1081331255405,2837.795997440373,6227.295677728328,0.0,2.164821051767023,45445.96386720225,0.9997453558369241,0.9708489052787853,0.9583696314469063,47.04185188630465,792.6235819103938,0.0195160031225605,-100.3515102931758,-9.776968397157981,40.15447370820602,0.06497063921684176,Cluster2,Baja
SM3-5071__0__20170510_004000.wav,0.771870493888855,1180.3738360138643,2501.6778328655323,4184.4580304881,0.0,1.2277846090500957,45037.06165398526,0.9999672011880791,0.9903886729979102,0.9099566992901215,21.211535830345085,798.169695254157,0.0,-100.3515102931758,-9.515342312762911,40.05540696173751,0.23591061139732977,Cluster2,Baja
13654-SM5071__0__20170215_072000.wav,0.9065460562705994,870.9382453523459,2193.015497642477,1723.4312453137093,0.0,0.8958149990337907,44810.79921858807,0.999989318234559,0.9913034732073955,0.49203126141070247,2.93725016534342,791.0017357036909,0.12724434035909446,-100.3515102931758,-8.970978601450906,40.07363598360726,0.649992618025176,Cluster2,Baja
13654-SM5071__0__20170202_232000.wav,0.5321148633956909,2207.8468938444025,2762.4174799523003,6133.229579866486,0.0,1.3599384347439056,45560.66522223856,0.9997760476607359,0.9787287939364034,0.9598149907115571,48.76980310354669,788.5580484845077,0.02029664324746292,-100.3515102931758,-9.467881437766582,40.085408971791104,0.07598354949760656,Cluster2,Baja
SM3-5071__0__20170520_010000.wav,0.9060896039009094,340.941019869948,1493.2104750723122,18.14989025009675,0.0,1.823201248837041,44570.52857366044,0.9999979894779872,0.9920501046086607,0.5491388000742274,3.4359550130489596,797.0013491539137,0.00702576112412178,-100.3515102931758,-7.01268544327861,40.13315185829844,0.8562361163591948,Cluster2,Baja
13654-SM5071__0__20170125_195000.wav,0.5732108950614929,2081.988391572569,2713.7119422685173,5703.865509505611,0.0,1.4258338484016555,45872.05989324892,0.999776802580023,0.9697805272422995,0.9408162285170835,32.793047483925676,791.004395209812,0.02654176424668228,-100.3515102931758,-10.08447682785328,40.04962946382897,0.08199851723240718,Cluster2,Baja
SM3-5071__0__20170612_202000.wav,0.8980807662010193,1461.4223740592695,2391.894459332473,4376.240204140867,0.0,0.42182546882127325,44911.53115761427,0.9999460879827295,0.9897380642455784,0.8701341850074676,14.400511675185681,794.3265303175169,0.11787665886026542,-100.3515102931758,-9.457529887029752,40.01821266158314,0.23017445267294348,Cluster2,Baja
SM3-5071__0__20170611_000000.wav,0.7824708223342896,1116.9399476914123,2396.1189703132327,3750.3356555667087,0.0,1.044171511967979,44760.95656219287,0.999970448995354,0.9932001947154824,0.9092933155159176,21.049091655984498,791.3170382033472,0.0429352068696331,-100.3515102931758,-8.342132472109604,40.13035381603967,0.2514212683325218,Cluster2,Baja
13654-SM5071__0__20170216_131000.wav,0.9067585468292236,981.7925460518393,2343.177563802847,2038.3793408656636,0.0,2.2747874689911574,44992.476820783275,0.999972704977718,0.8926543533606132,-0.198893575248235,0.6682047858884331,780.5435865625063,0.12724434035909446,-100.3515102931758,-9.197476358262664,40.11174185944144,0.3310785805867196,Cluster2,Baja
SM3-5071__0__20170601_081000.wav,0.906737208366394,663.2794836887314,2004.9394132318487,18.133223684210527,0.0,0.013757147556360802,44618.794731629285,0.9999940816959653,0.9930474992663723,0.5924886319677494,3.907838546093563,793.0760396149785,0.12724434035909446,-100.3515102931758,-7.7745937955408975,40.11595933207024,0.845729356250584,Cluster2,Baja
13654-SM5071__0__20170126_220000.wav,0.6213629245758057,2140.5353395499865,2772.2002966334876,6181.387621994727,0.0,1.8616873395984597,45815.465486407724,0.9997896511026881,0.9465636362434635,0.9344296497737203,29.50159093398332,790.3608625948491,0.02576112412177986,-100.3515102931758,-9.444301076459135,40.06594764712885,0.07921822182321109,Cluster2,Baja
13654-SM5071__0__20170222_055000.wav,0.873036801815033,983.7247822698013,2266.80934873484,2573.576104604054,0.0,0.7614673830208072,44958.559161488476,0.9999844636379819,0.9835887446745984,0.5935680709954462,3.920873231831132,790.7099577610047,0.12724434035909446,-100.3515102931758,-9.309514650583397,40.06182904990569,0.48926724649804104,Cluster2,Baja
13654-SM5071__0__20170203_202000.wav,0.5346258878707886,2287.9411555566144,2898.2193477663773,6588.676825839299,0.0,2.191693505435023,46199.12474316276,0.9997449994478422,0.9666504905686444,0.9548479532380767,43.29478049014168,789.8127316035059,0.01717408274785324,-100.3515102931758,-10.304361081989601,40.00429545211751,0.0682946236758845,Cluster2,Baja
SM3-5071__0__20170601_054000.wav,0.9047444462776184,745.9680605997993,2095.071631977088,221.55699360850426,0.0,0.7587621970644667,44902.322276338346,0.9999921271807208,0.9921027738261068,0.6336699189564066,4.459557113907876,798.0607363360398,0.12724434035909446,-100.3515102931758,-8.252355375366504,40.07245559876221,0.7665864682233494,Cluster2,Baja
SM302151__0__20170602_102000.wav,0.6536019444465637,2122.0848328480206,2365.0630894775854,4589.19724975208,0.08248891919020898,1.5793342347358517,44663.48104121485,0.9918839801488042,0.9802818955498253,-0.7232158454784788,0.16062071112436152,563.3524308866499,0.09914129586260734,-100.3515102931758,-14.805496137443473,40.15410858328462,0.018785156144820653,Cluster0,Baja
13654-302298__0__20170124_173000.wav,0.46378323435783386,3517.5252160840155,3097.8936746661025,7511.646244769495,0.00037981629740712074,1.2210880195471647,45143.21925852206,0.9978225648866823,0.9645226007863195,0.8268713942639188,10.552105970568595,374.8508981951037,0.1014832162373146,-100.3515102931758,-13.733566566268106,40.06643411696285,0.14667812168370634,Cluster0,Baja
13654-302151__0__20170215_034000.wav,0.1838129460811615,3451.3797176755443,2320.953975312117,5124.319013943982,0.11975022070917182,1.9519103936000446,46693.41483861916,0.9932310746796097,0.9827272037853384,0.9893205977754516,186.2763997410529,361.02275077467016,0.01092896174863388,-100.3515102931758,-9.235121853425953,39.73231411277919,0.019351145836249764,Cluster0,Baja
13654-302298__0__20170126_134000.wav,0.7766992449760437,2933.350135016192,2855.9803629698176,6408.036251481472,0.007341225449883901,1.2908393494726023,46724.19710672588,0.9889137192066761,0.9664094696057866,0.9248065564860561,25.598063694597506,459.0073668329808,0.0624512099921936,-100.3515102931758,-14.721932446232607,39.549748962471135,0.013512699246964063,Cluster0,Baja
13654-302298__0__20170204_175000.wav,0.21697334945201874,3172.901359518836,2215.7979883863136,4724.52976474821,0.09895593979779412,1.7588399044857137,47423.058095929184,0.9887832957512288,0.9616378915169828,0.9928786546979761,279.8458114552615,439.35208397593357,0.01483216237314598,-100.3515102931758,-13.219973473656918,39.433175629312466,0.007553048237554142,Cluster0,Baja
13654-302151__0__20170203_185000.wav,0.24071431159973145,4564.095084649656,3003.3158363563307,7128.223563273994,0.10853071183243033,1.3650089319887602,45844.43592467165,0.9949240877514336,0.9640972165392857,0.8958281426385655,18.199043298813464,330.5332752841564,0.00312256049960968,-100.3515102931758,-12.043481503940589,39.95805876914162,0.09783404029266016,Cluster0,Baja
13654-302298__0__20170205_053000.wav,0.4203779101371765,4050.47638805666,2840.5676805693,7011.215937469766,0.017453031274187306,1.2729073097841002,45993.85743586902,0.9963075025530059,0.9153202420356428,0.9162546423231389,22.881920807087386,389.6620320125811,0.08821233411397346,-100.3515102931758,-13.61589466884078,39.95513849658444,0.11329160035979027,Cluster0,Baja
SM302151__0__20170523_004000.wav,0.6615211963653564,2395.248276261191,2468.130549717475,5894.597689507546,0.13524067881675697,1.4114701028556569,45063.2136748408,0.991651838016527,0.9531700678850287,-0.5744177727951649,0.2703108632020023,665.200381338574,0.09601873536299765,-100.3515102931758,-15.30789995587819,40.05482525840384,0.015597660922273293,Cluster0,Baja
13654-302151__0__20170202_191000.wav,0.17934288084506989,4366.440890321117,2994.3566330366302,7031.44914845564,0.07732530717879257,2.619274818047905,45369.39992085715,0.9939365176461599,0.9812298085889614,0.9860822115660284,142.70099168329406,350.4391388559453,0.0,-100.3515102931758,-11.559586917726559,40.16085186203143,0.0303948569118295,Cluster0,Baja
13654-302298__0__20170203_022000.wav,0.26487481594085693,4599.539610123314,2367.4315545127647,6710.384423223442,0.24949622375677244,0.9894661239063989,45381.04325020222,0.9910979515230709,0.9515178710984852,0.9899264693326855,197.54012123965077,515.7193356184775,0.02419984387197502,-100.3515102931758,-14.541131409542473,40.0735738003797,0.018389605668074526,Cluster0,Baja
13654-302298__0__20170123_013000.wav,0.3765641152858734,3953.5424108412435,2316.647984792446,6024.988567718411,0.17254846531540247,0.811727570692964,45064.19180730212,0.9912292058826924,0.9685482549593265,0.9674503606749418,60.44461325752127,500.4678441375439,0.01795472287275566,-100.3515102931758,-14.666774918110633,40.138838940257266,0.023421709774262188,Cluster0,Baja
13654-302151__0__20170202_103000.wav,0.6893788576126099,4080.656889575261,3749.544213246802,8798.45513027888,0.0218279103376548,1.1570402623070155,45370.933549243455,0.9896761079400416,0.9111876503532708,0.6567669195319178,4.826944178202494,354.23860198101494,0.0,-100.3515102931758,-12.596878317291122,40.17046117832778,0.041792401399699364,Cluster0,Baja
SM302151__0__20170530_084000.wav,0.6477698087692261,2109.052977952629,2357.964592850932,4568.247376433098,0.08358717407604489,1.6324056276807704,44641.5577640309,0.9918392739075526,0.9721656028457886,-0.7347175752114955,0.15292542635141143,580.238968068417,0.09133489461358314,-100.3515102931758,-14.780531034353046,40.13719084072326,0.01736244184497841,Cluster0,Baja
SM302151__0__20170613_145000.wav,0.6406277418136597,2894.674071746926,2822.4868033799053,6696.917837987374,0.15668990663699692,0.7651869201578119,44651.14040894062,0.9914983963682131,0.9409055198156285,-0.5142117853499081,0.3208192006891788,848.1711990045794,0.09055425448868072,-100.3515102931758,-16.445396640060874,40.1839800695697,0.018880926742401296,Cluster0,Baja
13654-302151__0__20170216_003000.wav,0.19691094756126404,4035.3084413655606,2248.466117279129,5601.074464402332,0.16317626197271673,1.6280231730448806,45416.33181256223,0.9927740907817707,0.9888053441522209,0.995372358019316,431.18555116150566,379.46529867238405,0.01249024199843872,-100.3515102931758,-1.4439243604693415,40.12122663477462,0.02284434231111147,Cluster0,Baja
13654-302298__0__20170127_181000.wav,0.3735785186290741,3681.3685871066045,3055.8854887314083,7469.829830960962,0.0026602257885061918,1.1073002768028741,45431.87269075274,0.9970445423251221,0.9826213645449757,0.9293261869657425,27.299024973090752,383.5728786860767,0.06947697111631537,-100.3515102931758,-10.834329516009921,39.949998876499954,0.09837228404672851,Cluster0,Baja
GUAM5070__0__20160214_021000.wav,0.30329760909080505,3314.961051751421,2797.146382378061,6302.295224216331,0.003073677559017028,1.5876300159245913,45563.57994022047,0.9974386973496033,0.9301697269234454,0.978932487248846,93.93289614315947,381.01659443151004,0.0195160031225605,-100.3515102931758,-12.801438728608378,39.96524534088421,0.07813116443196833,Cluster3,Media
GUAM5070__0__20160217_032000.wav,0.18940019607543945,3139.3229242251055,2503.0536288652393,6058.030034587849,0.0513632570626935,2.512586746266383,45931.05557959942,0.9946079720707907,0.9537692718410284,0.992542385920942,267.1822870958575,404.64061338904514,0.02107728337236534,-100.3515102931758,-12.456679429936237,39.866098457508656,0.022074522083424346,Cluster3,Media
GUAM5070__0__20160308_061000.wav,0.6785880923271179,1823.505655649311,2793.1772069169006,5151.185518152573,9.070239938080495e-06,2.1600245183898212,45982.31022775299,0.9993164919339418,0.9573157431424154,0.38866656625877816,2.2715370853520214,369.189593724694,0.0975800156128025,-100.3515102931758,-12.15221683170794,39.93002205079305,0.287828677908545,Cluster3,Media
GUAM5070__0__20160308_025000.wav,0.19411911070346832,3238.122048873769,2420.810233628438,5788.3733318317045,0.05106129365808824,2.5098853271598163,46343.281431762116,0.9948575653292112,0.9741278811084678,0.9924814064067738,265.0071960535162,403.84230998723706,0.0234192037470726,-100.3515102931758,-12.472261677937222,39.72614559564068,0.026601846157603033,Cluster3,Media
ESPAN5067__0__20160316_061000.wav,0.7422567009925842,1966.2921291866892,2904.439591887291,5630.107622176132,0.0,1.812703495546211,46214.85600831283,0.9993161574992828,0.9655129355855804,0.008268532598335106,1.016674942502326,316.16002996278826,0.10616705698672912,-100.3515102931758,-11.060989814427277,39.851046987741555,0.3955869395708476,Cluster3,Media
GUAM5070__0__20160215_083000.wav,0.6417936682701111,3858.5403288644343,3854.6101454387817,8677.464195227845,0.0,2.4151240211041807,45719.539379018206,0.9994086635264234,0.9628550319247959,0.4773961552248836,2.8269905971714144,368.71401905466996,0.01639344262295082,-100.3515102931758,-12.221157251560896,40.106095134513254,0.36294244848379714,Cluster3,Media
ESPAN5067__0__20160317_233000.wav,0.2381696254014969,3776.173526724582,2675.68151369489,6702.0261404315015,0.02978629002999226,2.038101749036289,46049.0609074298,0.9943972891310487,0.9505983284534245,0.9946905462268403,375.68658311149125,344.248964739087,0.0195160031225605,-100.3515102931758,-12.013214004586706,40.04084472726763,0.044150709015329775,Cluster3,Media
GUAM5070__0__20160307_203000.wav,0.16808973252773285,3912.471530039042,2565.5366573122656,6764.950759934936,0.09182862083978328,2.565579834993212,46548.06465137844,0.9927155943078827,0.9428114395968092,0.9977362691206932,882.497247081171,426.31286597392716,0.02029664324746292,-100.3515102931758,-12.865208124546296,39.742266188984296,0.014615891363351625,Cluster3,Media
GUAM5070__0__20160214_071000.wav,0.6758019328117371,1825.872021946687,2590.7058422635014,4891.5787546258225,0.020793902984713623,0.9752590470696628,45697.04323828392,0.998679700827413,0.961268695377931,-0.15055980322348958,0.7382842633617642,372.398096268028,0.07572209211553474,-100.3515102931758,-12.093355976225373,39.97287879219969,0.1215198741983023,Cluster3,Media
ESPAN5067__0__20160318_175000.wav,0.508934497833252,2517.47413990312,2886.3774401137293,5927.222492229827,0.010088752297794117,0.7085865431185078,45097.850478572735,0.9884621557217009,0.9482522993359411,0.6881923732595565,5.414211290812492,356.2051302264447,0.01249024199843872,-100.3515102931758,-12.970292160572857,40.09426868983465,0.18551192660066712,Cluster3,Media
GUAM5070__0__20160307_160000.wav,0.8263651728630066,2730.3355437498044,3018.61615558746,6600.576753882063,0.005013575125773994,1.832525967100714,45209.28415820002,0.996993510238128,0.9242035312174138,0.227722754588191,1.5897435304254242,376.01551415166955,0.12724434035909446,-100.3515102931758,-14.023543583636773,39.95483468864391,0.18190740616762402,Cluster3,Media
ESPAN5067__0__20160318_225000.wav,0.17958666384220123,4016.3486098840044,2476.8491929676825,6829.325370670472,0.14977082527089783,1.6262012178570775,45945.80825624684,0.9913896378205879,0.9674802108654357,0.9974513243646733,783.721277309102,416.80516910839395,0.01873536299765808,-100.3515102931758,-11.789567177323855,40.02167810451682,0.015653387515612627,Cluster3,Media
ESPAN5067__0__20160315_095000.wav,0.5452769994735718,4046.1126661580633,3261.449105958293,8281.36659037587,0.0637887299245356,3.0620119148188705,46502.188481358906,0.9937729678453293,0.9485760181954497,0.9490979241655156,38.29112845030726,311.3166856848154,0.03200624512099922,-100.3515102931758,-15.350597905723955,40.02294429254905,0.2430070429410313,Cluster3,Media
GUAM5070__0__20160307_182000.wav,0.20269787311553955,4048.6702728396995,3276.994867468434,8441.732287333107,0.03350433255127709,2.3185902854468856,45246.01622652202,0.9937387549238992,0.9389805540605138,0.9881111911648456,167.2254318099685,425.89231628012374,0.02498048399687744,-100.3515102931758,-12.843768937554007,40.28464938145457,0.026956330901989834,Cluster3,Media
ESPAN5067__0__20160315_051000.wav,0.6545155644416809,2134.985314433093,2916.5721459200818,5797.431610390867,0.0,2.4339202077251074,45142.28158650706,0.9995942213798858,0.9738562717076248,0.6889552866861253,5.429943716747252,314.0030639919888,0.03747072599531616,-100.3515102931758,-10.006805870335665,40.08974469156785,0.502366788527708,Cluster3,Media
GUAM5070__0__20160307_043000.wav,0.26583749055862427,3362.8108749176963,2621.585118110606,6234.428967927632,0.02228973672116873,1.7876065341446006,45722.01952472866,0.9973039999966377,0.9141367853248145,0.9772449580689412,86.89260885826633,381.345953582658,0.02029664324746292,-100.3515102931758,-12.60179227579686,39.94933877061332,0.0719992734546112,Cluster3,Media
GUAM5070__0__20160214_184000.wav,0.235960453748703,6624.474317013382,2824.526998941289,8743.047131990132,0.3872372653831269,2.376842631777958,45534.10754704856,0.9918634961011897,0.9089683735016988,0.9962869832731582,537.6455669703429,547.4528305616075,0.0,-100.3515102931758,-13.730488432787922,40.07943533897701,0.010884079075521691,Cluster3,Media
ESPAN5067__0__20160224_194000.wav,0.6311765909194946,2708.0305915667022,2857.7610122295546,6110.7047160712555,0.059021185057082044,0.19181307789416668,45495.261247505834,0.9789939293975136,0.957395366203605,0.392292666122046,2.2910578637210595,608.2271343284908,0.00078064012490242,-100.3515102931758,-13.552349749509858,39.99588347211881,0.07791050861970068,Cluster3,Media
GUAM5070__0__20160307_002000.wav,0.1926213800907135,3775.527330511391,2428.178127378956,6531.027174438855,0.11387383900928792,2.4178104496627015,45894.563345630464,0.9927176591681952,0.9396625955110935,0.9962502564657401,532.3698109555418,453.50576283179294,0.02107728337236534,-100.3515102931758,-12.989907917741306,39.89587749726908,0.014932143188670139,Cluster3,Media
GUAM5070__0__20160215_074000.wav,0.7814860343933105,1816.6459212698437,2877.2621639584245,5571.682975461978,0.0,1.1139338088834072,45178.07357392475,0.999636274114897,0.9770219443778463,0.16386004103354276,1.3919440502187892,370.13568047510046,0.02263856362217018,-100.3515102931758,-11.058092568640559,40.053455236962066,0.39833568665034663,Cluster3,Media
GUAM5070__0__20160217_162000.wav,0.8324311971664429,1895.7598828902633,2969.323195468309,5514.283322549826,3.0234133126934986e-06,1.9346126762730298,45384.059865756666,0.9980490032753331,0.9339024012785077,0.0011517683774666236,1.0023061929550512,371.35825981785865,0.12724434035909446,-100.3515102931758,-12.997465700313674,39.9891285635352,0.2750437058152391,Cluster3,Media
LOROSM5069__0__20160225_132000.wav,0.7892066240310669,2560.6609934070084,3375.141878315642,6807.667168301326,0.0029338446933049535,0.375999158408558,44996.28941366626,0.9989650710536132,0.8868426415414005,0.21866112025388834,1.559708791977535,898.1470230316968,0.0039032006245121,-100.3515102931758,-12.605053787464922,40.11758666508648,0.28772714726006166,Cluster4,Media
LOROSM5069__0__20160225_173018.wav,0.9017994999885559,1182.800567311776,2484.391060289196,3275.6385259953076,0.0,1.490480699580413,34173.800966512565,0.9995480443695786,0.9586246130449508,-0.07287612690024028,0.8641481060617978,901.4333412517694,0.027317073170731707,-100.3515102931758,-12.528062254032681,40.118441674393736,0.24823135427040682,Cluster4,Media
ESPAN5067__0__20160307_222000.wav,0.19212070107460022,3553.604085258351,2764.7346535844827,6764.8174274078465,0.03066005647736068,2.776660249260821,45484.00647003981,0.9956260952896293,0.9576264265264568,0.9900676414618911,200.36204229099005,336.5298684213725,0.0195160031225605,-100.3515102931758,-11.333226630033867,40.05860597449219,0.04996553244934187,Cluster4,Media
ESPAN5067__0__20160315_132000.wav,0.7488853931427002,2225.817357742317,3077.462235513095,6071.321620882111,0.0,2.9707992966644188,45253.656733243835,0.9985277119608781,0.9436583406046128,0.9038558103866675,19.802089112649366,299.49477590872306,0.03278688524590164,-100.3515102931758,-13.110795843932877,40.113621982508036,0.2762326054791977,Cluster4,Media
ESPAN5067__0__20160306_084000.wav,0.782649576663971,2293.219329781439,3188.9817785687555,6601.243416517512,2.418730650154799e-05,2.383777934333575,45739.44437995636,0.9995892518812951,0.9844220372485494,0.38595699286073964,2.2571008492022693,314.6349725555284,0.02888368462138954,-100.3515102931758,-10.634651462631204,40.00053966174555,0.5979810245234867,Cluster4,Media
ESPAN5067__0__20160214_162000.wav,0.8404542207717896,2344.436873828291,2962.3807523294217,6138.687880194224,0.0019856266931114553,0.15833838319172064,44798.96811793736,0.9931965801737106,0.9706863228261402,0.08370614891188566,1.182705905561809,327.81260664732986,0.02185792349726776,-100.3515102931758,-11.684791464799467,40.12776147833155,0.3051359424288694,Cluster4,Media
ESPAN5067__0__20160308_064000.wav,0.659643292427063,1925.448488108477,2877.276470082441,5457.583665404895,9.070239938080495e-06,3.001191609601381,45509.269116700736,0.9982312498739112,0.9847198158074025,-0.8523720473715642,0.07969670716955235,319.4465414601643,0.03044496487119438,-100.3515102931758,-10.631953983826602,40.02842363583928,0.10278205388128321,Cluster4,Media
ESPAN5067__0__20160217_023000.wav,0.25296396017074585,3361.6756062935697,2645.520089680246,6356.7198951177925,0.007229359157314242,1.44731065557799,45601.68928275774,0.9970425645302631,0.9716884645036521,0.9815310424335075,107.28981510188363,331.38128858634434,0.02029664324746292,-100.3515102931758,-11.269663581391521,40.01467970816542,0.08489332986679005,Cluster4,Media
ESPAN5067__0__20160315_085000.wav,0.5270504951477051,4194.084075487791,3400.0853478358495,8510.78186979973,0.015060377563854489,2.1011309056622944,45824.67635280874,0.9965754442327068,0.9367690503680216,0.9575297823184052,46.09182361612274,317.7976010320722,0.03200624512099922,-100.3515102931758,-14.340079370378596,40.101278674571965,0.2297908012712054,Cluster4,Media
ESPAN5067__0__20160308_145000.wav,0.7975576519966125,2859.7480213674103,3014.3396099834404,6737.800924106279,0.032572743324303405,0.26954932407284066,45154.48992110847,0.9951607311997411,0.9640316861727836,0.030612351542556638,1.0631581217096568,312.01387331516,0.02966432474629196,-100.3515102931758,-12.249924760239503,40.057634563768865,0.2307965858088993,Cluster4,Media
ESPAN5067__0__20160308_133000.wav,0.8449296355247498,2095.5751080685895,3052.1866610157667,6107.929732851199,0.00024791989164086686,3.01705952901665,45457.9926895879,0.999311449537098,0.9509298677700174,0.1476909684805199,1.3465667100047487,294.98828225916816,0.02029664324746292,-100.3515102931758,-10.43184993381622,39.98468512889229,0.6298991306230007,Cluster4,Media
ESPAN5067__0__20160306_063000.wav,0.44244417548179626,1774.505846347284,2586.958530195252,4592.2472313092585,0.005691575561145511,2.494757748764662,46756.269608160546,0.9986242740847003,0.9609490071454451,-0.4473133135457343,0.38187079555031067,314.2733960017533,0.09914129586260734,-100.3515102931758,-11.065025751070065,39.7825777292798,0.18930392434102605,Cluster4,Media
ESPAN5067__0__20160308_033000.wav,0.22237981855869293,3081.151175505752,2537.335118225921,5854.114600969911,0.0079345703125,1.9894186168477137,45600.6913055687,0.9962574506982615,0.9779860871609004,0.9880151835342814,165.87781625365687,338.00738825391977,0.0234192037470726,-100.3515102931758,-10.986089399643301,40.0167148325237,0.050803953513826675,Cluster4,Media
ESPAN5067__0__20160227_111000.wav,0.8741468191146851,2040.5098081372548,2989.2349029230595,6013.580303369292,0.0,1.6424836352624388,44849.53883090904,0.9989922993145098,0.9855100545562708,-0.07099490277378287,0.8674225197712663,310.907568928693,0.02185792349726776,-100.3515102931758,-10.356384814060647,40.105274952842215,0.45156083855297185,Cluster4,Media
LOROSM5069__0__20160225_212000.wav,0.42572417855262756,2541.852287247305,3234.4410572920888,6739.75924559791,0.0,1.4605606420238868,45265.39109560249,0.9997548981532075,0.983614200383024,0.9714542877422753,69.06306172860602,914.3489224739718,0.01483216237314598,-100.3515102931758,-11.858747789451506,40.12238879367388,0.1010550359829253,Cluster4,Media
ESPAN5067__0__20160315_034000.wav,0.20770461857318878,3231.957834549964,2618.231096840845,6266.145442809114,0.01578259541892415,2.0330774655969552,45581.5029010815,0.9963144739493541,0.9285235728283485,0.9887991813190146,177.55837657609612,334.23530060340084,0.02107728337236534,-100.3515102931758,-11.089597841557111,40.02114647139755,0.05198806036383531,Cluster4,Media
ESPAN5067__0__20160315_023000.wav,0.2222500443458557,3358.549908133097,2608.3838718629,6258.812153819175,0.01313106194369195,2.5624697519346795,45639.32482862548,0.9959305193403393,0.9496588650626545,0.9906025690160953,211.82412219099731,335.5318597518378,0.02029664324746292,-100.3515102931758,-11.251149152730106,40.06430440841855,0.04863898811289938,Cluster4,Media
ESPAN5067__0__20160315_025000.wav,0.200306236743927,3509.5454989758905,2569.360604574421,6392.49467879257,0.032200107633513934,2.0519914561119372,45291.09673735826,0.9955072885523089,0.9603715764786175,0.9921910529211918,255.11647509144709,340.0047015485695,0.02029664324746292,-100.3515102931758,-11.13797661053318,40.13317314905814,0.03978190325038084,Cluster4,Media
ESPAN5067__0__20160308_124000.wav,0.863054633140564,1952.083966913146,3014.0317629778506,5818.114818655669,0.0,3.0211352870961354,46569.29630620091,0.9991077241484273,0.980311618731903,0.4173494722271025,2.432589356169861,300.1991521060345,0.07181889149102264,-100.3515102931758,-11.363911636736933,39.90209209679517,0.3536391230439055,Cluster4,Media
ESPAN5067__0__20160225_072000.wav,0.7805156707763672,2281.0270719916216,2837.863295993803,5747.748577484036,0.0002142844185371517,0.9621405371155062,45105.416997416345,0.9971146624571501,0.97326446945108,-0.1381851992924846,0.7571832784710557,325.27060669723176,0.06323185011709602,-100.3515102931758,-11.672818964692132,40.06876499763017,0.23761637287707923,Cluster4,Media
